item1id,item2id,item1v,item2v,chosenid,rt,columbiaid,trial,pair,pair_tag,delta,chose_r,sigma,absdelta,bin,rt_keep,pfit,gfit,score,curvature,loglik,rt_used,g_used
famousAmos,fruitSnacks,1.833333,2.166667,fruitSnacks,4859.0,ts3686,1,famousAmos|fruitSnacks,1,0.3333339999999998,1,1,0.3333339999999998,9,1,0.5676414590340567,0.40584794250845535,0.2882396037886833,-0.10907805098633666,-0.5662652936680771,4859.0,0.40584794250845535
riceKrispies,raisins,0.966667,4.566667,raisins,1806.0,ts3686,2,raisins|riceKrispies,1,3.5999999999999996,1,1,3.5999999999999996,14,1,0.949794916697661,0.24988606483203396,0.36147659977684055,-2.4719661862070255,-0.05150919485273557,1806.0,0.24988606483203396
kindBar2,lays,1.666667,2.033333,kindBar2,14151.0,ts3686,3,kindBar2|lays,1,0.36666599999999994,0,-1,0.36666599999999994,9,0,0.5743098000465369,0.4053269190300541,-0.4211597542877269,-0.1314743862996288,-0.8540434274290784,,
stringCheese,pretzelStx,0.7,3.433333,pretzelStx,2113.0,ts3686,4,pretzelStx|stringCheese,1,2.733333,1,1,2.733333,12,1,0.9031145898595575,0.2949619309901556,0.5296401775108123,-2.614847232998637,-0.10190583454688001,2113.0,0.2949619309901556
reeses,russetChips,0.466667,2.966667,russetChips,1179.0,ts3686,5,reeses|russetChips,1,2.5,1,1,2.5,12,1,0.8851120362745144,0.3080896290196115,0.574439818627428,-2.5422179879124274,-0.1220410473261671,1179.0,0.3080896290196115
tostitos,riceKrispies,4.266667,0.966667,tostitos,2914.0,ts3686,6,riceKrispies|tostitos,1,-3.3,0,-1,3.3,3,1,0.0632619887199786,0.2646897038060736,0.4175291255518587,-2.5813616579581673,-0.06535163959678042,2914.0,0.2646897038060736
twizzlers,chesapeake,5.0,1.033333,twizzlers,2949.0,ts3686,7,chesapeake|twizzlers,1,-3.966667,0,-1,3.966667,2,1,0.037702845048575115,0.23309098290903918,0.2991092625205926,-2.2834673311439304,-0.03843198313311542,2949.0,0.23309098290903918
beefJerky,animalCookies,2.5,2.533333,animalCookies,2294.0,ts3686,8,animalCookies|beefJerky,1,0.033332999999999835,1,1,0.033332999999999835,8,1,0.5068053676805863,0.40832614409661633,0.032879313358205875,-0.0011108830574310467,-0.6796282392720097,2294.0,0.40832614409661633
russetChips,skittles,2.966667,4.333333,skittles,1687.0,ts3686,9,russetChips|skittles,1,1.3666659999999995,1,1,1.3666659999999995,10,1,0.7532757122289113,0.37064756455331654,0.6743793909419251,-1.3885152064748714,-0.2833239665009967,1687.0,0.37064756455331654
miniBagels,twizzlers,1.066667,5.0,twizzlers,1113.0,ts3686,10,miniBagels|twizzlers,1,3.933333,1,1,3.933333,14,1,0.961296905957515,0.23455776866973385,0.30446431399881896,-2.302420548649062,-0.039471962517944034,1113.0,0.23455776866973385
haribo,jellyBean,4.366667,2.666667,haribo,2500.0,ts3686,11,haribo|jellyBean,1,-1.6999999999999997,0,-1,1.6999999999999997,5,1,0.19966416894116745,0.3533362718339207,0.6788581743999692,-1.8472693720102362,-0.22272385057734626,2500.0,0.3533362718339207
stringCheese,beefJerky,0.7,2.5,stringCheese,3321.0,ts3686,12,beefJerky|stringCheese,1,1.8,0,-1,1.8,11,1,0.8130672504299838,0.3478525004777598,-2.9270421015479418,-1.9697761013383988,-1.6770063547770238,3321.0,0.3478525004777598
redVines,pringles,1.766667,4.133333,pringles,4046.0,ts3686,13,pringles|redVines,1,2.3666660000000004,1,1,2.3666660000000004,12,1,0.8735659242188685,0.3156896023510444,0.598454456785255,-2.4745358939981306,-0.13517168091197665,4046.0,0.3156896023510444
riceKrispies,goldfish,0.966667,3.3,goldfish,3204.0,ts3686,14,goldfish|riceKrispies,1,2.3333329999999997,1,1,2.3333329999999997,12,1,0.8705284656442742,0.31759587306593123,0.6042004073456974,-2.454543365909609,-0.13865481997048576,3204.0,0.31759587306593123
doritos,lindtChoc,1.766667,2.633333,lindtChoc,1232.0,ts3686,15,doritos|lindtChoc,1,0.8666659999999999,1,1,0.8666659999999999,9,1,0.6699167336963799,0.3921158409269085,0.5721438881485863,-0.6643666811865834,-0.4006018523853885,1232.0,0.3921158409269085
beefJerky,pringles,2.5,4.133333,pringles,1552.0,ts3686,16,beefJerky|pringles,1,1.6333330000000004,1,1,1.6333330000000004,11,1,0.7914928492603962,0.35693009234540196,0.6811232200779387,-1.7610732239097802,-0.23383443411704666,1552.0,0.35693009234540196
animalCookies,kindBar1,2.533333,3.666667,kindBar1,2081.0,ts3686,17,animalCookies|kindBar1,1,1.133334,1,1,1.133334,10,1,0.7161811516783422,0.38149592561123574,0.6433231012875555,-1.0443352746990224,-0.3338221388845444,2081.0,0.38149592561123574
twizzlers,russetChips,5.0,2.966667,twizzlers,3607.0,ts3686,18,russetChips|twizzlers,1,-2.033333,0,-1,2.033333,5,1,0.15967763329991427,0.3347433663842428,0.6493556023012291,-2.219049651547938,-0.17396969088454906,3607.0,0.3347433663842428
goldfish,raisins,3.3,4.566667,goldfish,5805.0,ts3686,19,goldfish|raisins,1,1.266667,0,-1,1.266667,10,0,0.7377855245201632,0.37545072938690777,-1.8690571539747631,-1.241571391283261,-1.3385925013967328,,
animalCookies,pretzelStx,2.533333,3.433333,animalCookies,1243.0,ts3686,20,animalCookies|pretzelStx,1,0.9000000000000004,0,-1,0.9000000000000004,9,1,0.6759086362238258,0.3909080804973905,-1.216635545202887,-0.7097419315140714,-1.1267298159771582,1243.0,0.3909080804973905
twizzlers,reeses,5.0,0.466667,twizzlers,11589.0,ts3686,21,reeses|twizzlers,1,-4.533333,0,-1,4.533333,1,0,0.024070921013011073,0.20996872675666622,0.21824300113735304,-1.9311063906045614,-0.02436536018161891,,
redVines,kindBar2,1.766667,1.666667,kindBar2,2059.0,ts3686,22,kindBar2|redVines,1,-0.10000000000000009,1,1,0.10000000000000009,8,1,0.47959377319074403,0.4081245361851184,-0.10408124536185129,-0.009983343436296387,-0.7348158392517944,2059.0,0.4081245361851184
sunChips,pistachios,1.9,4.2,pistachios,3451.0,ts3686,23,pistachios|sunChips,1,2.3000000000000003,1,1,2.3000000000000003,12,1,0.8674291091288879,0.3195035731555546,0.6098260980071156,-2.433312181022148,-0.14222148908368262,3451.0,0.3195035731555546
tostitos,fruitSnacks,4.266667,2.166667,tostitos,2107.0,ts3686,24,fruitSnacks|tostitos,1,-2.1,0,-1,2.1,5,1,0.15250653023694688,0.3309461616790982,0.640527426995177,-2.2799398086466818,-0.16547214505155033,2107.0,0.3309461616790982
lays,stringCheese,2.033333,0.7,lays,2913.0,ts3686,25,lays|stringCheese,1,-1.3333329999999999,0,-1,1.3333329999999999,6,1,0.25181855922999297,0.37227225422307414,0.6715159900676083,-1.3397751342531485,-0.2901097625481491,2913.0,0.37227225422307414
fruitSnacks,haribo,2.166667,4.366667,fruitSnacks,9422.0,ts3686,26,fruitSnacks|haribo,1,2.1999999999999997,0,-1,2.1999999999999997,12,0,0.8577523647682059,0.32522942251655096,-3.7741104049801057,-2.362176432933366,-1.950185830143445,,
skittles,famousAmos,4.333333,1.833333,skittles,1533.0,ts3686,27,famousAmos|skittles,1,-2.4999999999999996,0,-1,2.4999999999999996,4,1,0.11488796372548561,0.30808962901961157,0.574439818627428,-2.542217987912427,-0.1220410473261671,1533.0,0.30808962901961157
kindBar1,riceKrispies,3.666667,0.966667,kindBar1,1358.0,ts3686,28,kindBar1|riceKrispies,1,-2.6999999999999997,0,-1,2.6999999999999997,4,1,0.09929367828788119,0.29681949756453246,0.5361858627545584,-2.607908379456765,-0.1045760215514564,1358.0,0.29681949756453246
skittles,cheetos,4.333333,0.333333,skittles,1316.0,ts3686,29,cheetos|skittles,1,-3.9999999999999996,0,-1,3.9999999999999996,2,1,0.03672748789259219,0.23163625605370394,0.29381990314073747,-2.2642290896442674,-0.037418924757628,1316.0,0.23163625605370394
peanuts,fruitSnacks,3.833333,2.166667,peanuts,1735.0,ts3686,30,fruitSnacks|peanuts,1,-1.6666660000000002,0,-1,1.6666660000000002,5,1,0.20405010524305187,0.355140015764344,0.6801667454100326,-1.8045947762494392,-0.22821904140419566,1735.0,0.355140015764344
goldfish,skittles,3.3,4.333333,skittles,3299.0,ts3686,31,goldfish|skittles,1,1.0333329999999998,1,1,1.0333329999999998,10,1,0.6992914057629387,0.3857254259042123,0.6214642276175305,-0.8981412032251573,-0.3576877341191232,3299.0,0.3857254259042123
cheetos,pretzelStx,0.333333,3.433333,pretzelStx,1713.0,ts3686,32,cheetos|pretzelStx,1,3.1,1,1,3.1,13,1,0.9263397962089666,0.275057933038043,0.45669326350440737,-2.62292949679702,-0.07651416109620493,1713.0,0.275057933038043
animalCookies,lindtChoc,2.533333,2.633333,animalCookies,3612.0,ts3686,33,animalCookies|lindtChoc,1,0.10000000000000009,0,-1,0.10000000000000009,8,1,0.520406226809256,0.4081245361851184,-0.10408124536185129,-0.009983343436296385,-0.7348158392517944,3612.0,0.4081245361851184
kindBar1,goldfish,3.666667,3.3,kindBar1,3086.0,ts3686,34,goldfish|kindBar1,1,-0.3666670000000001,0,-1,0.3666670000000001,7,1,0.42569000028758314,0.4053269026796348,0.31217295067089457,-0.13147508747671705,-0.5545859592620511,3086.0,0.4053269026796348
haribo,reeses,4.366667,0.466667,haribo,2100.0,ts3686,35,haribo|reeses,1,-3.8999999999999995,0,-1,3.8999999999999995,2,1,0.0397287527209822,0.236036537066163,0.3098842712236611,-2.3210690539927366,-0.040539485180799875,2100.0,0.236036537066163
riceKrispies,pistachios,0.966667,4.2,pistachios,2382.0,ts3686,36,pistachios|riceKrispies,1,3.233333,1,1,3.233333,13,1,0.9334337230146478,0.2681033614630153,0.4304618801277597,-2.5983557742751335,-0.06888531689831669,2382.0,0.2681033614630153
sunChips,stringCheese,1.9,0.7,stringCheese,3968.0,ts3686,37,stringCheese|sunChips,1,-1.2,1,1,1.2,6,1,0.27288319858795734,0.37852800235340445,-1.7450803233889023,-1.1428874410542496,-1.298711419348692,3968.0,0.37852800235340445
beefJerky,pistachios,2.5,4.2,pistachios,2631.0,ts3686,38,beefJerky|pistachios,1,1.7000000000000002,1,1,1.7000000000000002,11,1,0.8003358310588327,0.35333627183392075,0.678858174399969,-1.8472693720102362,-0.22272385057734612,2631.0,0.35333627183392075
raisins,chesapeake,4.566667,1.033333,raisins,2728.0,ts3686,39,chesapeake|raisins,1,-3.533334,0,-1,3.533334,2,1,0.05286583349794746,0.25309476347384796,0.3735852938732734,-2.500437269686477,-0.05431452053849718,2728.0,0.25309476347384796
miniBagels,riceKrispies,1.066667,0.966667,miniBagels,1936.0,ts3686,40,miniBagels|riceKrispies,1,-0.09999999999999998,0,-1,0.09999999999999998,8,1,0.47959377319074403,0.40812453618511846,0.09591875463814878,-0.009983343436296362,-0.6531455669863636,1936.0,0.40812453618511846
reeses,jellyBean,0.466667,2.666667,reeses,1961.0,ts3686,41,jellyBean|reeses,1,2.1999999999999997,0,-1,2.1999999999999997,12,1,0.8577523647682059,0.32522942251655096,-3.7741104049801057,-2.362176432933366,-1.950185830143445,1961.0,0.32522942251655096
pringles,haribo,4.133333,4.366667,pringles,4568.0,ts3686,42,haribo|pringles,1,0.23333399999999926,0,-1,0.23333399999999926,8,1,0.5474974766140158,0.40712006491995095,-0.25549955241650874,-0.053953443842070625,-0.7929619393140935,4568.0,0.40712006491995095
lays,cheetos,2.033333,0.333333,lays,2071.0,ts3686,43,cheetos|lays,1,-1.6999999999999997,0,-1,1.6999999999999997,5,1,0.19966416894116745,0.3533362718339207,0.6788581743999692,-1.8472693720102362,-0.22272385057734626,2071.0,0.3533362718339207
famousAmos,reeses,1.833333,0.466667,famousAmos,1670.0,ts3686,44,famousAmos|reeses,1,-1.3666660000000002,0,-1,1.3666660000000002,6,1,0.24672428777108849,0.37064756455331654,0.6743793909419249,-1.3885152064748723,-0.28332396650099645,1670.0,0.37064756455331654
russetChips,miniBagels,2.966667,1.066667,russetChips,1318.0,ts3686,45,miniBagels|russetChips,1,-1.9000000000000001,0,-1,1.9000000000000001,5,1,0.1748357965443404,0.3422781089006943,0.6643760268684935,-2.0832333970227106,-0.192172877960484,1318.0,0.3422781089006943
reeses,kindBar2,0.466667,1.666667,kindBar2,3432.0,ts3686,46,kindBar2|reeses,1,1.2,1,1,1.2,10,1,0.7271168014120426,0.37852800235340445,0.6549196766110977,-1.1428874410542498,-0.31866815216352534,3432.0,0.37852800235340445
riceKrispies,lindtChoc,0.966667,2.633333,lindtChoc,2121.0,ts3686,47,lindtChoc|riceKrispies,1,1.6666659999999998,1,1,1.6666659999999998,11,1,0.7959498947569481,0.355140015764344,0.6801667454100325,-1.8045947762494383,-0.22821904140419566,2121.0,0.355140015764344
tostitos,redVines,4.266667,1.766667,tostitos,1974.0,ts3686,48,redVines|tostitos,1,-2.5,0,-1,2.5,4,1,0.11488796372548557,0.3080896290196115,0.5744398186274279,-2.542217987912427,-0.1220410473261671,1974.0,0.3080896290196115
sunChips,skittles,1.9,4.333333,skittles,2239.0,ts3686,49,skittles|sunChips,1,2.4333329999999997,1,1,2.4333329999999997,12,1,0.8794582244808219,0.3118835148997873,0.5866365604988164,-2.510821749222651,-0.12844921510169388,2239.0,0.3118835148997873
miniBagels,pringles,1.066667,4.133333,pringles,3156.0,ts3686,50,miniBagels|pringles,1,3.0666660000000006,1,1,3.0666660000000006,13,1,0.924460489232218,0.2768221183736462,0.46330889865638186,-2.626972158439755,-0.07854496651309777,3156.0,0.2768221183736462
skittles,animalCookies,4.333333,2.533333,skittles,2336.0,ts3686,51,animalCookies|skittles,1,-1.7999999999999998,0,-1,1.7999999999999998,5,1,0.18693274957001627,0.34785250047775973,0.6729578984520584,-1.9697761013383992,-0.2069414539992737,2336.0,0.34785250047775973
doritos,kindBar1,1.766667,3.666667,kindBar1,1841.0,ts3686,52,doritos|kindBar1,1,1.9,1,1,1.9,11,1,0.8251642034556597,0.3422781089006943,0.6643760268684933,-2.0832333970227093,-0.192172877960484,1841.0,0.3422781089006943
riceKrispies,beefJerky,0.966667,2.5,beefJerky,5636.0,ts3686,53,beefJerky|riceKrispies,1,1.5333329999999998,1,1,1.5333329999999998,10,0,0.7776938126573426,0.3622093995985774,0.6817388263133577,-1.6258974522319647,-0.25142238926332844,,
twizzlers,cheezIts,5.0,1.133333,twizzlers,3916.0,ts3686,54,cheezIts|twizzlers,1,-3.866667,0,-1,3.866667,2,1,0.040780438995086425,0.23752733866397782,0.3153687554156277,-2.339394466900956,-0.04163528243578201,3916.0,0.23752733866397782
kindBar1,miniBagels,3.666667,1.066667,kindBar1,1661.0,ts3686,55,kindBar1|miniBagels,1,-2.5999999999999996,0,-1,2.5999999999999996,4,1,0.10684059822375291,0.30243030905865165,0.5555711107635151,-2.5803105168552722,-0.11299021260595445,1661.0,0.30243030905865165
skittles,kindBar2,4.333333,1.666667,skittles,1449.0,ts3686,56,kindBar2|skittles,1,-2.6666659999999998,0,-1,2.6666659999999998,4,1,0.1017551383650708,0.29868372089712714,0.5426939356068597,-2.599850225233542,-0.10731257342242793,1449.0,0.29868372089712714
goldfish,cheezIts,3.3,1.133333,goldfish,1072.0,ts3686,57,cheezIts|goldfish,1,-2.166667,0,-1,2.166667,5,1,0.14560167872725355,0.32713686161532574,0.6309407048858845,-2.3359906353840723,-0.15735777558063396,1072.0,0.32713686161532574
pringles,reeses,4.133333,0.466667,pringles,1428.0,ts3686,58,pringles|reeses,1,-3.666666,0,-1,3.666666,2,1,0.0476715089880508,0.24672467632009526,0.34959100235036056,-2.441453015523645,-0.048845250124088725,1428.0,0.24672467632009526
doritos,riceKrispies,1.766667,0.966667,riceKrispies,3116.0,ts3686,59,doritos|riceKrispies,1,-0.7999999999999999,1,1,0.7999999999999999,7,1,0.34223227863831834,0.39441930340420417,-1.0524283541786907,-0.5762799260066375,-1.0722655951510358,3116.0,0.39441930340420417
pistachios,miniBagels,4.2,1.066667,pistachios,5272.0,ts3686,60,miniBagels|pistachios,1,-3.1333330000000004,0,-1,3.1333330000000004,3,1,0.07182407305549662,0.2733038122309396,0.45009747659839683,-2.6180228148447253,-0.07453398771446232,5272.0,0.2733038122309396
famousAmos,sunChips,1.833333,1.9,sunChips,3178.0,ts3686,61,famousAmos|sunChips,1,0.06666699999999981,1,1,0.06666699999999981,8,1,0.5136084184350819,0.408250511799898,0.06485253513637661,-0.0044411966062586515,-0.6662941357066793,3178.0,0.408250511799898
pistachios,chesapeake,4.2,1.033333,pistachios,1894.0,ts3686,62,chesapeake|pistachios,1,-3.1666670000000003,0,-1,3.1666670000000003,3,1,0.07003019832495852,0.27155984615688444,0.4435246360782029,-2.612275554703407,-0.07260316467919974,1894.0,0.27155984615688444
redVines,animalCookies,1.766667,2.533333,animalCookies,2412.0,ts3686,63,animalCookies|redVines,1,0.7666659999999998,1,1,0.7666659999999998,9,1,0.6516132980679473,0.39551329540620656,0.5341924784468781,-0.53373281733269,-0.428303994132311,2412.0,0.39551329540620656
raisins,redVines,4.566667,1.766667,raisins,2283.0,ts3686,64,raisins|redVines,1,-2.8,0,-1,2.8,4,1,0.09222480607413051,0.2912679956613354,0.5164589140151309,-2.625440108619044,-0.09675851481685001,2283.0,0.2912679956613354
russetChips,chesapeake,2.966667,1.033333,russetChips,1776.0,ts3686,65,chesapeake|russetChips,1,-1.933334,0,-1,1.933334,5,1,0.17094294346861516,0.3404037342035932,0.6609796093359033,-2.1188946601137952,-0.18746630048375865,1776.0,0.3404037342035932
tostitos,chesapeake,4.266667,1.033333,tostitos,1173.0,ts3686,66,chesapeake|tostitos,1,-3.233334,0,-1,3.233334,3,1,0.06656622623937679,0.2681033099337236,0.43046168510293825,-2.5983555419395863,-0.06888526253347771,1173.0,0.2681033099337236
stringCheese,pistachios,0.7,4.2,pistachios,1860.0,ts3686,67,pistachios|stringCheese,1,3.5,1,1,3.5,14,1,0.9457543228677118,0.25471675592440673,0.3797197399260176,-2.5138510985926406,-0.05577244464390485,1860.0,0.25471675592440673
lays,cheezIts,2.033333,1.133333,lays,2259.0,ts3686,68,cheezIts|lays,1,-0.8999999999999999,0,-1,0.8999999999999999,7,1,0.32409136377617426,0.3909080804973905,0.5833644547971136,-0.709741931514071,-0.3916973655882829,2259.0,0.3909080804973905
stringCheese,raisins,0.7,4.566667,raisins,3452.0,ts3686,69,raisins|stringCheese,1,3.8666669999999996,1,1,3.8666669999999996,14,1,0.9592195610049136,0.23752733866397785,0.3153687554156277,-2.3393944669009556,-0.04163528243578201,3452.0,0.23752733866397785
stringCheese,miniBagels,0.7,1.066667,miniBagels,2590.0,ts3686,70,miniBagels|stringCheese,1,0.3666670000000001,1,1,0.3666670000000001,9,1,0.5743099997124168,0.4053269026796348,0.3121729506708946,-0.13147508747671707,-0.5545859592620511,2590.0,0.4053269026796348
riceKrispies,twizzlers,0.966667,5.0,twizzlers,1302.0,ts3686,71,riceKrispies|twizzlers,1,4.033333,1,1,4.033333,14,1,0.9642235752556767,0.23019352741550309,0.2885964690865914,-2.2447234029316103,-0.03643208672284603,1302.0,0.23019352741550309
pistachios,skittles,4.2,4.333333,skittles,748.0,ts3686,72,pistachios|skittles,1,0.13333299999999948,1,1,0.13333299999999948,8,1,0.5271964871810156,0.4079483275860557,0.1260806215493868,-0.017725091895808946,-0.6401819589779968,748.0,0.4079483275860557
lindtChoc,kindBar2,2.633333,1.666667,kindBar2,2353.0,ts3686,73,kindBar2|lindtChoc,1,-0.966666,1,1,0.966666,6,1,0.3122806019764393,0.38838522927993885,-1.3295899192196867,-0.8027293844142224,-1.163853130050211,2353.0,0.38838522927993885
beefJerky,russetChips,2.5,2.966667,russetChips,1285.0,ts3686,74,beefJerky|russetChips,1,0.46666700000000017,1,1,0.46666700000000017,9,1,0.5941451844959819,0.40347907392629784,0.3787980983736274,-0.21005714501597497,-0.5206315711413853,1285.0,0.40347907392629784
twizzlers,reeses,5.0,0.466667,twizzlers,1781.0,ts3686,75,reeses|twizzlers,0,-4.533333,0,-1,4.533333,1,1,0.024070921013011073,0.20996872675666622,0.21824300113735304,-1.9311063906045614,-0.02436536018161891,1781.0,0.20996872675666622
tostitos,miniBagels,4.266667,1.066667,tostitos,3539.0,ts3686,76,miniBagels|tostitos,1,-3.2,0,-1,3.2,3,1,0.06827788346119318,0.26982632283675423,0.4369784541516364,-2.6057119371777193,-0.07072066697470952,3539.0,0.26982632283675423
famousAmos,animalCookies,1.833333,2.533333,animalCookies,1814.0,ts3686,77,animalCookies|famousAmos,1,0.6999999999999997,1,1,0.6999999999999997,9,1,0.6391534818688335,0.39758137676809563,0.5051851253836329,-0.4520471646282089,-0.4476106627277254,1814.0,0.39758137676809563
russetChips,raisins,2.966667,4.566667,russetChips,3749.0,ts3686,78,raisins|russetChips,1,1.5999999999999996,0,-1,1.5999999999999996,11,1,0.7869645059249186,0.35870563240614844,-2.518286418959739,-1.7167500527540966,-1.5462964883052759,3749.0,0.35870563240614844
russetChips,pringles,2.966667,4.133333,russetChips,1620.0,ts3686,79,pringles|russetChips,1,1.1666660000000002,0,-1,1.1666660000000002,10,1,0.7216818081447144,0.38002617397732386,-1.683923256761923,-1.0935544858831308,-1.2789902447990849,1620.0,0.38002617397732386
stringCheese,raisins,0.7,4.566667,raisins,2220.0,ts3686,80,raisins|stringCheese,0,3.8666669999999996,1,1,3.8666669999999996,14,1,0.9592195610049136,0.23752733866397785,0.3153687554156277,-2.3393944669009556,-0.04163528243578201,2220.0,0.23752733866397785
redVines,twizzlers,1.766667,5.0,twizzlers,2566.0,ts3686,81,redVines|twizzlers,1,3.233333,1,1,3.233333,13,1,0.9334337230146478,0.2681033614630153,0.4304618801277597,-2.5983557742751335,-0.06888531689831669,2566.0,0.2681033614630153
cheezIts,lindtChoc,1.133333,2.633333,cheezIts,4462.0,ts3686,82,cheezIts|lindtChoc,1,1.5,0,-1,1.5,10,1,0.7729517511318228,0.3639356681757637,-2.3188552533954683,-1.5794760739866431,-1.4825927340062266,4462.0,0.3639356681757637
pretzelStx,jellyBean,3.433333,2.666667,pretzelStx,10097.0,ts3686,83,jellyBean|pretzelStx,1,-0.7666660000000003,0,-1,0.7666660000000003,7,0,0.34838670193205257,0.39551329540620656,0.5341924784468782,-0.5337328173326905,-0.428303994132311,,
twizzlers,tostitos,5.0,4.266667,twizzlers,2628.0,ts3686,84,tostitos|twizzlers,1,-0.733333,0,-1,0.733333,7,1,0.35459195067880733,0.39656758749761073,0.5200679579342836,-0.49229531072170823,-0.43787252760877793,2628.0,0.39656758749761073
lays,kindBar1,2.033333,3.666667,kindBar1,3694.0,ts3686,85,kindBar1|lays,1,1.633334,1,1,1.633334,11,1,0.7914929840423816,0.35693003885596153,0.6811231968042416,-1.7610745418332885,-0.233834263828744,3694.0,0.35693003885596153
chesapeake,famousAmos,1.033333,1.833333,chesapeake,8416.0,ts3686,86,chesapeake|famousAmos,1,0.8,0,-1,0.8,9,0,0.6577677213616816,0.3944193034042041,-1.0524283541786905,-0.5762799260066377,-1.0722655951510358,,
pretzelStx,haribo,3.433333,4.366667,pretzelStx,1406.0,ts3686,87,haribo|pretzelStx,1,0.9333339999999994,0,-1,0.9333339999999994,10,1,0.6818434261691428,0.38966420631658755,-1.2727753046403008,-0.7558919562600892,-1.145211646839273,1406.0,0.38966420631658755
doritos,sunChips,1.766667,1.9,sunChips,1271.0,ts3686,88,doritos|sunChips,1,0.13333299999999992,1,1,0.13333299999999992,8,1,0.5271964871810159,0.4079483275860557,0.12608062154938715,-0.01772509189580907,-0.6401819589779963,1271.0,0.4079483275860557
goldfish,redVines,3.3,1.766667,goldfish,1209.0,ts3686,89,goldfish|redVines,1,-1.5333329999999998,0,-1,1.5333329999999998,6,1,0.2223061873426573,0.3622093995985774,0.6817388263133575,-1.6258974522319645,-0.25142238926332844,1209.0,0.3622093995985774
peanuts,kindBar2,3.833333,1.666667,peanuts,1485.0,ts3686,90,kindBar2|peanuts,1,-2.166666,0,-1,2.166666,5,1,0.14560178032659607,0.3271369188175786,0.6309408539462092,-2.335989831334063,-0.15735789449396279,1485.0,0.3271369188175786
cheezIts,fruitSnacks,1.133333,2.166667,fruitSnacks,2494.0,ts3686,91,cheezIts|fruitSnacks,1,1.033334,1,1,1.033334,10,1,0.6992915775015568,0.3857253850188938,0.6214644741080126,-0.8981426491975095,-0.35768748852966564,2494.0,0.3857253850188938
redVines,stringCheese,1.766667,0.7,redVines,2527.0,ts3686,92,redVines|stringCheese,1,-1.066667,0,-1,1.066667,6,1,0.29501509991829616,0.3843465675448923,0.6293657431690984,-0.9465460996631141,-0.34957889472306825,2527.0,0.3843465675448923
miniBagels,raisins,1.066667,4.566667,raisins,1701.0,ts3686,93,miniBagels|raisins,1,3.5,1,1,3.5,14,1,0.9457543228677118,0.25471675592440673,0.3797197399260176,-2.5138510985926406,-0.05577244464390485,1701.0,0.25471675592440673
peanuts,skittles,3.833333,4.333333,peanuts,2174.0,ts3686,94,peanuts|skittles,1,0.49999999999999956,0,-1,0.49999999999999956,9,1,0.6006925004186638,0.4027700016746556,-0.6006925004186633,-0.23986102035943693,-0.9180234832678096,2174.0,0.4027700016746556
jellyBean,goldfish,2.666667,3.3,goldfish,2913.0,ts3686,95,goldfish|jellyBean,1,0.6333329999999999,1,1,0.6333329999999999,9,1,0.6265032796326049,0.39948425119993713,0.47309559680088686,-0.3754346635050048,-0.4676012698111845,2913.0,0.39948425119993713
jellyBean,cheezIts,2.666667,1.133333,jellyBean,1673.0,ts3686,96,cheezIts|jellyBean,1,-1.533334,0,-1,1.533334,6,1,0.22230604614610283,0.3622093475444974,0.6817388379227769,-1.625898835482668,-0.2514222077053175,1673.0,0.3622093475444974
beefJerky,skittles,2.5,4.333333,skittles,943.0,ts3686,97,beefJerky|skittles,1,1.8333329999999997,1,1,1.8333329999999997,11,1,0.8171696504593691,0.3460033179562786,0.6703778264287469,-2.008645153152856,-0.20190855517745165,943.0,0.3460033179562786
tostitos,russetChips,4.266667,2.966667,russetChips,2306.0,ts3686,98,russetChips|tostitos,1,-1.2999999999999998,1,1,1.2999999999999998,6,1,0.25698213128278774,0.3738736441803266,-1.9318464586647515,-1.2907700526728116,-1.3587487245866443,2306.0,0.3738736441803266
peanuts,twizzlers,3.833333,5.0,peanuts,658.0,ts3686,99,peanuts|twizzlers,1,1.166667,0,-1,1.166667,10,1,0.721681972185287,0.38002612945302644,-1.6839250828869843,-1.0935559645770814,-1.2789908341986493,658.0,0.38002612945302644
pistachios,raisins,4.2,4.566667,raisins,2512.0,ts3686,100,pistachios|raisins,1,0.36666699999999963,1,1,0.36666699999999963,9,1,0.5743099997124167,0.4053269026796347,0.3121729506708943,-0.13147508747671677,-0.5545859592620512,2512.0,0.4053269026796347
pistachios,tostitos,4.2,4.266667,tostitos,1317.0,ts3686,101,pistachios|tostitos,1,0.06666699999999981,1,1,0.06666699999999981,8,1,0.5136084184350819,0.408250511799898,0.06485253513637661,-0.0044411966062586515,-0.6662941357066793,1317.0,0.408250511799898
kindBar2,pringles,1.666667,4.133333,pringles,3566.0,ts3686,102,kindBar2|pringles,1,2.4666660000000005,1,1,2.4666660000000005,12,1,0.8823145084917919,0.30998482039464753,0.5805816011931713,-2.527126796133484,-0.12520670094527733,3566.0,0.30998482039464753
reeses,raisins,0.466667,4.566667,raisins,1949.0,ts3686,103,raisins|reeses,1,4.1,1,1,4.1,15,1,0.966055064346726,0.22734393382767118,0.27834847235684723,-2.2049796012627567,-0.03453444396487287,1949.0,0.22734393382767118
animalCookies,kindBar2,2.533333,1.666667,kindBar2,1462.0,ts3686,104,animalCookies|kindBar2,1,-0.8666659999999999,1,1,0.8666659999999999,7,1,0.33008326630362,0.3921158409269085,-1.1611881118514138,-0.6643666811865834,-1.1084103342173046,1462.0,0.3921158409269085
lays,famousAmos,2.033333,1.833333,lays,1597.0,ts3686,105,famousAmos|lays,1,-0.19999999999999973,0,-1,0.19999999999999973,8,1,0.4592554128626114,0.4074458713738864,0.1837021651450443,-0.039734380579040496,-0.6148082241160567,1597.0,0.4074458713738864
lays,skittles,2.033333,4.333333,skittles,880.0,ts3686,106,lays|skittles,1,2.3,1,1,2.3,12,1,0.8674291091288877,0.3195035731555546,0.6098260980071165,-2.4333121810221505,-0.1422214890836829,880.0,0.3195035731555546
riceKrispies,skittles,0.966667,4.333333,skittles,868.0,ts3686,107,riceKrispies|skittles,1,3.3666659999999995,1,1,3.3666659999999995,13,1,0.9398887942556354,0.2613201275419869,0.4047487051971137,-2.561485894303552,-0.061993714699922244,868.0,0.2613201275419869
kindBar1,stringCheese,3.666667,0.7,kindBar1,1233.0,ts3686,108,kindBar1|stringCheese,1,-2.966667,0,-1,2.966667,3,1,0.08144416369752792,0.2821724422070101,0.48323542556810817,-2.633680704003735,-0.08495258542616681,1233.0,0.2821724422070101
miniBagels,lindtChoc,1.066667,2.633333,lindtChoc,4587.0,ts3686,109,lindtChoc|miniBagels,1,1.566666,1,1,1.566666,11,1,0.7823647193535246,0.3604657525643943,0.6819235891785821,-1.671673222049905,-0.24543425412905476,4587.0,0.3604657525643943
kindBar2,haribo,1.666667,4.366667,kindBar2,2151.0,ts3686,110,haribo|kindBar2,1,2.6999999999999997,0,-1,2.6999999999999997,12,1,0.9007063217121187,0.29681949756453246,-4.86381413724544,-2.6079083794567666,-2.3096733727180814,2151.0,0.29681949756453246
chesapeake,kindBar1,1.033333,3.666667,kindBar1,1489.0,ts3686,111,chesapeake|kindBar1,1,2.6333339999999996,1,1,2.6333339999999996,12,1,0.8957295991344444,0.3005540498352616,0.5491575835857939,-2.5906566208188377,-0.11011669823427822,1489.0,0.3005540498352616
sunChips,animalCookies,1.9,2.533333,sunChips,2585.0,ts3686,112,animalCookies|sunChips,1,0.6333329999999999,0,-1,0.6333329999999999,9,1,0.6265032796326049,0.39948425119993713,-0.793570403199113,-0.3754346635050048,-0.9848460552580037,2585.0,0.39948425119993713
beefJerky,pretzelStx,2.5,3.433333,pretzelStx,1086.0,ts3686,113,beefJerky|pretzelStx,1,0.9333330000000002,1,1,0.9333330000000002,9,1,0.6818432489993707,0.38966424416445306,0.5938923897633409,-0.7558905610111647,-0.3829554877328522,1086.0,0.38966424416445306
fruitSnacks,animalCookies,2.166667,2.533333,fruitSnacks,1419.0,ts3686,114,animalCookies|fruitSnacks,1,0.36666599999999994,0,-1,0.36666599999999994,9,1,0.5743098000465369,0.4053269190300541,-0.4211597542877269,-0.1314743862996288,-0.8540434274290784,1419.0,0.4053269190300541
cheetos,goldfish,0.333333,3.3,goldfish,1058.0,ts3686,115,cheetos|goldfish,1,2.9666669999999997,1,1,2.9666669999999997,13,1,0.9185558363024721,0.28217244220701015,0.48323542556810817,-2.633680704003735,-0.08495258542616681,1058.0,0.28217244220701015
reeses,lays,0.466667,2.033333,lays,4174.0,ts3686,116,lays|reeses,1,1.566666,1,1,1.566666,11,1,0.7823647193535246,0.3604657525643943,0.6819235891785821,-1.671673222049905,-0.24543425412905476,4174.0,0.3604657525643943
animalCookies,peanuts,2.533333,3.833333,peanuts,1226.0,ts3686,117,animalCookies|peanuts,1,1.3000000000000003,1,1,1.3000000000000003,10,1,0.7430178687172123,0.3738736441803266,0.6681535413352481,-1.2907700526728123,-0.29703518513604726,1226.0,0.3738736441803266
miniBagels,twizzlers,1.066667,5.0,twizzlers,761.0,ts3686,118,miniBagels|twizzlers,0,3.933333,1,1,3.933333,14,1,0.961296905957515,0.23455776866973385,0.30446431399881896,-2.302420548649062,-0.039471962517944034,761.0,0.23455776866973385
stringCheese,haribo,0.7,4.366667,haribo,1339.0,ts3686,119,haribo|stringCheese,1,3.6666669999999995,1,1,3.6666669999999995,14,1,0.9523285280893703,0.24672462925559935,0.3495908257922657,-2.4414525433923804,-0.04884521119065267,1339.0,0.24672462925559935
kindBar1,peanuts,3.666667,3.833333,peanuts,1534.0,ts3686,120,kindBar1|peanuts,1,0.1666660000000002,1,1,0.1666660000000002,8,1,0.5339767009456485,0.4077220422359513,0.15534047832038528,-0.027649288114684638,-0.6274030721617343,1534.0,0.4077220422359513
jellyBean,riceKrispies,2.666667,0.966667,riceKrispies,1274.0,ts3686,121,jellyBean|riceKrispies,1,-1.6999999999999997,1,1,1.6999999999999997,5,1,0.19966416894116745,0.3533362718339207,-2.7211418256000304,-1.8472693720102362,-1.6111184790896653,1274.0,0.3533362718339207
haribo,reeses,4.366667,0.466667,haribo,2108.0,ts3686,122,haribo|reeses,0,-3.8999999999999995,0,-1,3.8999999999999995,2,1,0.0397287527209822,0.236036537066163,0.3098842712236611,-2.3210690539927366,-0.040539485180799875,2108.0,0.236036537066163
cheetos,kindBar1,0.333333,3.666667,kindBar1,1337.0,ts3686,123,cheetos|kindBar1,1,3.333334,1,1,3.333334,13,1,0.9383322476717465,0.2629992960031887,0.41111843107869306,-2.5717717243099223,-0.06365118408769743,1337.0,0.2629992960031887
famousAmos,doritos,1.833333,1.766667,famousAmos,1180.0,ts3686,124,doritos|famousAmos,1,-0.06666600000000011,0,-1,0.06666600000000011,8,1,0.4863917855893566,0.4082505148244494,0.0648515895562002,-0.004441063470741444,-0.6662945329440914,1180.0,0.4082505148244494
redVines,sunChips,1.766667,1.9,redVines,1927.0,ts3686,125,redVines|sunChips,1,0.13333299999999992,0,-1,0.13333299999999992,8,1,0.5271964871810159,0.4079483275860557,-0.1405853784506127,-0.01772509189580907,-0.749075383097663,1927.0,0.4079483275860557
lays,russetChips,2.033333,2.966667,russetChips,1419.0,ts3686,126,lays|russetChips,1,0.9333340000000003,1,1,0.9333340000000003,10,1,0.6818434261691431,0.38966420631658744,0.5938926953596982,-0.7558919562600903,-0.38295522789343944,1419.0,0.38966420631658744
reeses,miniBagels,0.466667,1.066667,miniBagels,2399.0,ts3686,127,miniBagels|reeses,1,0.6000000000000001,1,1,0.6000000000000001,9,1,0.6201115286514123,0.4003717621713741,0.45586616561830534,-0.3392254377864303,-0.4778559321987196,2399.0,0.4003717621713741
haribo,pistachios,4.366667,4.2,pistachios,10303.0,ts3686,128,haribo|pistachios,1,-0.16666699999999945,1,1,0.16666699999999945,8,0,0.46602309582149143,0.40772203469803503,-0.17799265737743838,-0.027649618373968676,-0.763520084235945,,
reeses,pretzelStx,0.466667,3.433333,pretzelStx,1112.0,ts3686,129,pretzelStx|reeses,1,2.966666,1,1,2.966666,13,1,0.918555775204094,0.2821724961314109,0.4832356251967423,-2.633680729060551,-0.08495265194186202,1112.0,0.2821724961314109
twizzlers,lays,5.0,2.033333,twizzlers,2330.0,ts3686,130,lays|twizzlers,1,-2.966667,0,-1,2.966667,3,1,0.08144416369752792,0.2821724422070101,0.48323542556810817,-2.633680704003735,-0.08495258542616681,2330.0,0.2821724422070101
chesapeake,sunChips,1.033333,1.9,sunChips,1362.0,ts3686,131,chesapeake|sunChips,1,0.8666669999999999,1,1,0.8666669999999999,9,1,0.6699169142924425,0.3921158052457116,0.5721442352818233,-0.6643680299517614,-0.40060158280555996,1362.0,0.3921158052457116
cheetos,pretzelStx,0.333333,3.433333,pretzelStx,1141.0,ts3686,132,cheetos|pretzelStx,0,3.1,1,1,3.1,13,1,0.9263397962089666,0.275057933038043,0.45669326350440737,-2.62292949679702,-0.07651416109620493,1141.0,0.275057933038043
pistachios,miniBagels,4.2,1.066667,pistachios,1639.0,ts3686,133,miniBagels|pistachios,0,-3.1333330000000004,0,-1,3.1333330000000004,3,1,0.07182407305549662,0.2733038122309396,0.45009747659839683,-2.6180228148447253,-0.07453398771446232,1639.0,0.2733038122309396
reeses,pretzelStx,0.466667,3.433333,pretzelStx,1178.0,ts3686,134,pretzelStx|reeses,0,2.966666,1,1,2.966666,13,1,0.918555775204094,0.2821724961314109,0.4832356251967423,-2.633680729060551,-0.08495265194186202,1178.0,0.2821724961314109
cheetos,pistachios,0.333333,4.2,pistachios,849.0,ts3686,135,cheetos|pistachios,1,3.866667,1,1,3.866667,14,1,0.9592195610049136,0.23752733866397782,0.31536875541562776,-2.339394466900956,-0.04163528243578201,849.0,0.23752733866397782
jellyBean,kindBar1,2.666667,3.666667,jellyBean,2218.0,ts3686,136,jellyBean|kindBar1,1,1.0,0,-1,1.0,10,1,0.6935359717290197,0.38707194345803936,-1.3870719434580394,-0.8501753105876163,-1.1826548933939887,2218.0,0.38707194345803936
lindtChoc,reeses,2.633333,0.466667,lindtChoc,1414.0,ts3686,137,lindtChoc|reeses,1,-2.1666659999999998,0,-1,2.1666659999999998,5,1,0.14560178032659613,0.3271369188175786,0.6309408539462094,-2.335989831334063,-0.15735789449396304,1414.0,0.3271369188175786
sunChips,raisins,1.9,4.566667,raisins,4171.0,ts3686,138,raisins|sunChips,1,2.666667,1,1,2.666667,12,1,0.8982449362823751,0.29868366487632325,0.5426937409973752,-2.5998504839307683,-0.10731249031875978,4171.0,0.29868366487632325
redVines,pistachios,1.766667,4.2,redVines,2099.0,ts3686,139,pistachios|redVines,1,2.433333,0,-1,2.433333,12,1,0.8794582244808221,0.3118835148997873,-4.280029439501185,-2.510821749222648,-2.115758901326263,2099.0,0.3118835148997873
pringles,famousAmos,4.133333,1.833333,pringles,1066.0,ts3686,140,famousAmos|pringles,1,-2.3000000000000003,0,-1,2.3000000000000003,4,1,0.13257089087111218,0.3195035731555546,0.6098260980071161,-2.4333121810221496,-0.14222148908368262,1066.0,0.3195035731555546
lindtChoc,pistachios,2.633333,4.2,lindtChoc,850.0,ts3686,141,lindtChoc|pistachios,1,1.5666670000000003,0,-1,1.5666670000000003,11,1,0.7823648584136002,0.3604657000033831,-2.4514104112725197,-1.6716745850988661,-1.5249352807784382,850.0,0.3604657000033831
animalCookies,pistachios,2.533333,4.2,pistachios,1430.0,ts3686,142,animalCookies|pistachios,1,1.6666670000000003,1,1,1.6666670000000003,11,1,0.7959500274005942,0.3551399618527206,0.680166711364668,-1.804596069411407,-0.22821887475597336,1430.0,0.3551399618527206
tostitos,cheetos,4.266667,0.333333,tostitos,1103.0,ts3686,143,cheetos|tostitos,1,-3.933334,0,-1,3.933334,2,1,0.038703063656937146,0.23455772448668882,0.3044641523719904,-2.3024199845322664,-0.039471930909034156,1103.0,0.23455772448668882
stringCheese,haribo,0.7,4.366667,haribo,1326.0,ts3686,144,haribo|stringCheese,0,3.6666669999999995,1,1,3.6666669999999995,14,1,0.9523285280893703,0.24672462925559935,0.3495908257922657,-2.4414525433923804,-0.04884521119065267,1326.0,0.24672462925559935
lindtChoc,cheetos,2.633333,0.333333,lindtChoc,760.0,ts3686,145,cheetos|lindtChoc,1,-2.3,0,-1,2.3,4,1,0.13257089087111223,0.3195035731555546,0.6098260980071162,-2.4333121810221496,-0.1422214890836829,760.0,0.3195035731555546
pistachios,russetChips,4.2,2.966667,russetChips,1683.0,ts3686,146,pistachios|russetChips,1,-1.233333,1,1,1.233333,6,1,0.26751515760244515,0.3770025490237508,-1.8067954562574071,-1.1922511001522216,-1.3185790503170416,1683.0,0.3770025490237508
raisins,cheezIts,4.566667,1.133333,raisins,4144.0,ts3686,147,cheezIts|raisins,1,-3.433334,0,-1,3.433334,2,1,0.05710769363818141,0.25799546817281316,0.39213957245910386,-2.5389188094502013,-0.05880320609218943,4144.0,0.25799546817281316
animalCookies,chesapeake,2.533333,1.033333,animalCookies,1231.0,ts3686,148,animalCookies|chesapeake,1,-1.4999999999999998,0,-1,1.4999999999999998,6,1,0.22704824886817726,0.3639356681757638,0.6811447466045317,-1.579476073986643,-0.25753865002476845,1231.0,0.3639356681757638
lays,pistachios,2.033333,4.2,pistachios,1645.0,ts3686,149,lays|pistachios,1,2.1666670000000003,1,1,2.1666670000000003,11,1,0.8543983212727465,0.3271368616153257,0.6309407048858844,-2.3359906353840727,-0.15735777558063396,1645.0,0.3271368616153257
haribo,famousAmos,4.366667,1.833333,haribo,1146.0,ts3686,150,famousAmos|haribo,1,-2.5333339999999995,0,-1,2.5333339999999995,4,1,0.11214848388467553,0.306198484775655,0.5682191345470011,-2.5561047211316414,-0.11895076155322387,1146.0,0.306198484775655
peanuts,haribo,3.833333,4.366667,peanuts,782.0,ts3686,151,haribo|peanuts,1,0.5333339999999995,0,-1,0.5333339999999995,9,1,0.6072042168837745,0.40201531079501635,-0.6476853076149813,-0.27136893400274326,-0.9344654380069427,782.0,0.40201531079501635
jellyBean,pistachios,2.666667,4.2,pistachios,768.0,ts3686,152,jellyBean|pistachios,1,1.5333330000000003,1,1,1.5333330000000003,10,1,0.7776938126573427,0.3622093995985774,0.6817388263133576,-1.6258974522319651,-0.25142238926332827,768.0,0.3622093995985774
kindBar1,redVines,3.666667,1.766667,kindBar1,775.0,ts3686,153,kindBar1|redVines,1,-1.9,0,-1,1.9,5,1,0.1748357965443404,0.3422781089006943,0.6643760268684935,-2.08323339702271,-0.192172877960484,775.0,0.3422781089006943
tostitos,doritos,4.266667,1.766667,tostitos,1363.0,ts3686,154,doritos|tostitos,1,-2.5,0,-1,2.5,4,1,0.11488796372548557,0.3080896290196115,0.5744398186274279,-2.542217987912427,-0.1220410473261671,1363.0,0.3080896290196115
skittles,cheetos,4.333333,0.333333,skittles,1004.0,ts3686,155,cheetos|skittles,0,-3.9999999999999996,0,-1,3.9999999999999996,2,1,0.03672748789259219,0.23163625605370394,0.29381990314073747,-2.2642290896442674,-0.037418924757628,1004.0,0.23163625605370394
chesapeake,lindtChoc,1.033333,2.633333,lindtChoc,2696.0,ts3686,156,chesapeake|lindtChoc,1,1.5999999999999999,1,1,1.5999999999999999,11,1,0.7869645059249186,0.35870563240614844,0.6817135810402604,-1.7167500527540973,-0.23957213205838732,2696.0,0.35870563240614844
goldfish,peanuts,3.3,3.833333,peanuts,1908.0,ts3686,157,goldfish|peanuts,1,0.5333330000000003,1,1,0.5333330000000003,9,1,0.6072040220942324,0.402015334112955,0.4189821145688337,-0.27136796389010853,-0.49889042892029645,1908.0,0.402015334112955
russetChips,kindBar2,2.966667,1.666667,russetChips,1512.0,ts3686,158,kindBar2|russetChips,1,-1.3000000000000003,0,-1,1.3000000000000003,6,1,0.2569821312827877,0.3738736441803266,0.6681535413352481,-1.2907700526728123,-0.29703518513604726,1512.0,0.3738736441803266
cheetos,miniBagels,0.333333,1.066667,miniBagels,4585.0,ts3686,159,cheetos|miniBagels,1,0.733334,1,1,0.733334,9,1,0.6454082362288965,0.39656755647193914,0.5200683929866368,-0.49229653642122184,-0.4378722380126426,4585.0,0.39656755647193914
redVines,chesapeake,1.766667,1.033333,chesapeake,4186.0,ts3686,160,chesapeake|redVines,1,-0.7333339999999999,1,1,0.7333339999999999,7,1,0.3545917637711036,0.3965675564719391,-0.946599607013363,-0.4922965364212217,-1.036788112427615,4186.0,0.3965675564719391
pringles,goldfish,4.133333,3.3,goldfish,3127.0,ts3686,161,goldfish|pringles,1,-0.8333330000000005,1,1,0.8333330000000005,7,1,0.3361306755324289,0.39328653603678476,-1.1064484315330696,-0.6198518499475064,-1.0902552793517897,3127.0,0.39328653603678476
beefJerky,chesapeake,2.5,1.033333,beefJerky,1430.0,ts3686,162,beefJerky|chesapeake,1,-1.466667,0,-1,1.466667,6,1,0.23186130634300237,0.3656435900678172,0.6801266531803445,-1.5324663717138156,-0.26378497143978663,1430.0,0.3656435900678172
riceKrispies,skittles,0.966667,4.333333,skittles,821.0,ts3686,163,riceKrispies|skittles,0,3.3666659999999995,1,1,3.3666659999999995,13,1,0.9398887942556354,0.2613201275419869,0.4047487051971137,-2.561485894303552,-0.061993714699922244,821.0,0.2613201275419869
chesapeake,haribo,1.033333,4.366667,chesapeake,1513.0,ts3686,164,chesapeake|haribo,1,3.333334,0,-1,3.333334,13,1,0.9383322476717465,0.2629992960031887,-6.255549568921307,-2.5717717243099223,-2.785994137403864,1513.0,0.2629992960031887
lindtChoc,stringCheese,2.633333,0.7,lindtChoc,774.0,ts3686,165,lindtChoc|stringCheese,1,-1.933333,0,-1,1.933333,5,1,0.17094305921294325,0.3404037905389881,0.6609797149946744,-2.1188936070251567,-0.1874664400933733,774.0,0.3404037905389881
famousAmos,twizzlers,1.833333,5.0,twizzlers,801.0,ts3686,166,famousAmos|twizzlers,1,3.166667,1,1,3.166667,13,1,0.9299698016750415,0.2715598461568845,0.44352463607820264,-2.612275554703405,-0.07260316467919974,801.0,0.2715598461568845
cheezIts,pistachios,1.133333,4.2,pistachios,1897.0,ts3686,167,cheezIts|pistachios,1,3.0666670000000003,1,1,3.0666670000000003,13,1,0.924460546265239,0.2768220653010182,0.4633086999328367,-2.62697205036041,-0.07854490481979678,1897.0,0.2768220653010182
russetChips,fruitSnacks,2.966667,2.166667,russetChips,941.0,ts3686,168,fruitSnacks|russetChips,1,-0.8000000000000003,0,-1,0.8000000000000003,7,1,0.3422322786383183,0.39441930340420417,0.5475716458213095,-0.5762799260066379,-0.41890341702759143,941.0,0.39441930340420417
cheetos,kindBar1,0.333333,3.666667,kindBar1,794.0,ts3686,169,cheetos|kindBar1,0,3.333334,1,1,3.333334,13,1,0.9383322476717465,0.2629992960031887,0.41111843107869306,-2.5717717243099223,-0.06365118408769743,794.0,0.2629992960031887
kindBar2,goldfish,1.666667,3.3,kindBar2,873.0,ts3686,170,goldfish|kindBar2,1,1.633333,0,-1,1.633333,11,1,0.7914928492603962,0.35693009234540196,-2.5855427799220614,-1.761073223909779,-1.5677819422181714,873.0,0.35693009234540196
haribo,miniBagels,4.366667,1.066667,haribo,924.0,ts3686,171,haribo|miniBagels,1,-3.3,0,-1,3.3,3,1,0.0632619887199786,0.2646897038060736,0.4175291255518587,-2.5813616579581673,-0.06535163959678042,924.0,0.2646897038060736
kindBar1,russetChips,3.666667,2.966667,russetChips,1156.0,ts3686,172,kindBar1|russetChips,1,-0.6999999999999997,1,1,0.6999999999999997,7,1,0.3608465181311666,0.39758137676809563,-0.8948148746163663,-0.4520471646282089,-1.019302568585739,1156.0,0.39758137676809563
pistachios,reeses,4.2,0.466667,pistachios,997.0,ts3686,173,pistachios|reeses,1,-3.733333,0,-1,3.733333,2,1,0.045259662355971696,0.24361091691741846,0.33793878208481376,-2.409073393837121,-0.04631587322724734,997.0,0.24361091691741846
riceKrispies,haribo,0.966667,4.366667,haribo,1390.0,ts3686,174,haribo|riceKrispies,1,3.3999999999999995,1,1,3.3999999999999995,13,1,0.9414085956371204,0.2596521150806591,0.39842154966758103,-2.550526806500034,-0.06037801936087952,1390.0,0.2596521150806591
miniBagels,peanuts,1.066667,3.833333,peanuts,1060.0,ts3686,175,miniBagels|peanuts,1,2.766666,1,1,2.766666,12,1,0.905470578049872,0.2931113318701079,0.5230626754181458,-2.620684877481251,-0.09930049467703961,1060.0,0.2931113318701079
jellyBean,kindBar2,2.666667,1.666667,jellyBean,1642.0,ts3686,176,jellyBean|kindBar2,1,-1.0,0,-1,1.0,6,1,0.3064640282709803,0.38707194345803936,0.6129280565419606,-0.8501753105876163,-0.3659521707396831,1642.0,0.38707194345803936
sunChips,haribo,1.9,4.366667,haribo,1582.0,ts3686,177,haribo|sunChips,1,2.4666669999999997,1,1,2.4666669999999997,12,1,0.8823145932945963,0.30998476348416404,0.5805814182035961,-2.52712726702872,-0.12520660483125062,1582.0,0.30998476348416404
reeses,goldfish,0.466667,3.3,goldfish,1184.0,ts3686,178,goldfish|reeses,1,2.8333329999999997,1,1,2.8333329999999997,13,1,0.9100291395443768,0.2894323678468975,0.5098348159346244,-2.6291320775339013,-0.09427865850658074,1184.0,0.2894323678468975
tostitos,miniBagels,4.266667,1.066667,tostitos,743.0,ts3686,179,miniBagels|tostitos,0,-3.2,0,-1,3.2,3,1,0.06827788346119318,0.26982632283675423,0.4369784541516364,-2.6057119371777193,-0.07072066697470952,743.0,0.26982632283675423
jellyBean,chesapeake,2.666667,1.033333,jellyBean,2999.0,ts3686,180,chesapeake|jellyBean,1,-1.6333339999999998,0,-1,1.6333339999999998,5,1,0.20850701595761847,0.35693003885596153,0.6811231968042416,-1.7610745418332887,-0.233834263828744,2999.0,0.35693003885596153
kindBar2,miniBagels,1.666667,1.066667,kindBar2,2312.0,ts3686,181,kindBar2|miniBagels,1,-0.5999999999999999,0,-1,0.5999999999999999,7,1,0.3798884713485878,0.40037176217137416,0.45586616561830523,-0.3392254377864301,-0.4778559321987196,2312.0,0.40037176217137416
lays,raisins,2.033333,4.566667,raisins,1338.0,ts3686,182,lays|raisins,1,2.533334,1,1,2.533334,12,1,0.8878515161153245,0.3061984847756549,0.5682191345470009,-2.556104721131641,-0.11895076155322387,1338.0,0.3061984847756549
redVines,twizzlers,1.766667,5.0,twizzlers,1159.0,ts3686,183,redVines|twizzlers,0,3.233333,1,1,3.233333,13,1,0.9334337230146478,0.2681033614630153,0.4304618801277597,-2.5983557742751335,-0.06888531689831669,1159.0,0.2681033614630153
peanuts,cheezIts,3.833333,1.133333,peanuts,891.0,ts3686,184,cheezIts|peanuts,1,-2.7,0,-1,2.7,4,1,0.09929367828788119,0.2968194975645324,0.5361858627545585,-2.6079083794567657,-0.1045760215514564,891.0,0.2968194975645324
pringles,riceKrispies,4.133333,0.966667,pringles,1628.0,ts3686,185,pringles|riceKrispies,1,-3.166666,0,-1,3.166666,3,1,0.07003025151353394,0.2715598983198519,0.44352483287871297,-2.612275739485315,-0.07260322187307525,1628.0,0.2715598983198519
tostitos,animalCookies,4.266667,2.533333,tostitos,811.0,ts3686,186,animalCookies|tostitos,1,-1.7333340000000002,0,-1,1.7333340000000002,5,1,0.19534936836979575,0.35151982437338014,0.6772114041477831,-1.8890518180863753,-0.2173470937428537,811.0,0.35151982437338014
russetChips,riceKrispies,2.966667,0.966667,russetChips,1112.0,ts3686,187,riceKrispies|russetChips,1,-2.0,0,-1,2.0,5,1,0.16336438326450273,0.33663561673549725,0.6534575330580109,-2.186823384721782,-0.1783666476845821,1112.0,0.33663561673549725
cheetos,pringles,0.333333,4.133333,pringles,865.0,ts3686,188,cheetos|pringles,1,3.8000000000000003,1,1,3.8000000000000003,14,1,0.9570356666758297,0.24054508772412084,0.32652893326369403,-2.3749987485457487,-0.043914618969923595,865.0,0.24054508772412084
sunChips,peanuts,1.9,3.833333,peanuts,1224.0,ts3686,189,peanuts|sunChips,1,1.9333330000000002,1,1,1.9333330000000002,11,1,0.8290569407870567,0.3404037905389881,0.6609797149946746,-2.1188936070251576,-0.1874664400933733,1224.0,0.3404037905389881
goldfish,doritos,3.3,1.766667,goldfish,1125.0,ts3686,190,doritos|goldfish,1,-1.5333329999999998,0,-1,1.5333329999999998,6,1,0.2223061873426573,0.3622093995985774,0.6817388263133575,-1.6258974522319645,-0.25142238926332844,1125.0,0.3622093995985774
kindBar2,doritos,1.666667,1.766667,kindBar2,1416.0,ts3686,191,doritos|kindBar2,1,0.10000000000000009,0,-1,0.10000000000000009,8,1,0.520406226809256,0.4081245361851184,-0.10408124536185129,-0.009983343436296385,-0.7348158392517944,1416.0,0.4081245361851184
haribo,cheezIts,4.366667,1.133333,haribo,2387.0,ts3686,192,cheezIts|haribo,1,-3.2333339999999997,0,-1,3.2333339999999997,3,1,0.0665662262393768,0.26810330993372367,0.43046168510293825,-2.5983555419395863,-0.06888526253347771,2387.0,0.26810330993372367
russetChips,animalCookies,2.966667,2.533333,russetChips,863.0,ts3686,193,animalCookies|russetChips,1,-0.43333400000000033,0,-1,0.43333400000000033,7,1,0.41243577618516564,0.4041419496962355,0.3574448892748454,-0.18201919842934547,-0.5317697218068724,863.0,0.4041419496962355
animalCookies,raisins,2.533333,4.566667,animalCookies,1518.0,ts3686,194,animalCookies|raisins,1,2.033334,0,-1,2.033334,11,1,0.8403224762857876,0.3347433095455911,-3.4173125239921713,-2.219050600684451,-1.8345989743410058,1518.0,0.3347433095455911
lindtChoc,haribo,2.633333,4.366667,lindtChoc,1074.0,ts3686,195,haribo|lindtChoc,1,1.7333339999999997,0,-1,1.7333339999999997,11,1,0.8046506316302042,0.35151982437338014,-2.7894565958522164,-1.8890518180863742,-1.6329656908121315,1074.0,0.35151982437338014
reeses,sunChips,0.466667,1.9,sunChips,8117.0,ts3686,196,reeses|sunChips,1,1.433333,1,1,1.433333,10,0,0.7632547097217022,0.3673322385261516,0.678669674300927,-1.4849267537338147,-0.27016347677144553,,
raisins,fruitSnacks,4.566667,2.166667,raisins,2474.0,ts3686,197,fruitSnacks|raisins,1,-2.4,0,-1,2.4,4,1,0.1234576828667611,0.3137852642776991,0.5925968777604533,-2.493293953718738,-0.13177029611343982,2474.0,0.3137852642776991
skittles,twizzlers,4.333333,5.0,skittles,887.0,ts3686,198,skittles|twizzlers,1,0.6666670000000003,0,-1,0.6666670000000003,9,1,0.6328513501115908,0.3985538510578467,-0.8438022220496882,-0.4130680019984082,-1.0019884723664818,887.0,0.3985538510578467
animalCookies,reeses,2.533333,0.466667,animalCookies,1335.0,ts3686,199,animalCookies|reeses,1,-2.0666659999999997,0,-1,2.0666659999999997,5,1,0.15605856498628495,0.33284665738316216,0.645041860531891,-2.2500931616375586,-0.16967217658793962,1335.0,0.33284665738316216
tostitos,peanuts,4.266667,3.833333,tostitos,790.0,ts3686,200,peanuts|tostitos,1,-0.4333339999999999,0,-1,0.4333339999999999,7,1,0.41243577618516575,0.40414194969623546,0.35744488927484513,-0.18201919842934508,-0.5317697218068725,790.0,0.40414194969623546
pringles,fruitSnacks,4.133333,2.166667,pringles,879.0,ts3686,201,fruitSnacks|pringles,1,-1.9666660000000005,0,-1,1.9666660000000005,5,1,0.16711944047648825,0.3385227176587297,0.6573362430482667,-2.1534307431167155,-0.1828650330221953,879.0,0.3385227176587297
lindtChoc,skittles,2.633333,4.333333,skittles,1037.0,ts3686,202,lindtChoc|skittles,1,1.6999999999999997,1,1,1.6999999999999997,11,1,0.8003358310588325,0.3533362718339207,0.6788581743999692,-1.8472693720102362,-0.22272385057734626,1037.0,0.3533362718339207
twizzlers,sunChips,5.0,1.9,twizzlers,769.0,ts3686,203,sunChips|twizzlers,1,-3.1,0,-1,3.1,3,1,0.07366020379103334,0.275057933038043,0.45669326350440675,-2.622929496797017,-0.07651416109620493,769.0,0.275057933038043
reeses,goldfish,0.466667,3.3,goldfish,14719.0,ts3686,204,goldfish|reeses,0,2.8333329999999997,1,1,2.8333329999999997,13,0,0.9100291395443768,0.2894323678468975,0.5098348159346244,-2.6291320775339013,-0.09427865850658074,,
pringles,cheezIts,4.133333,1.133333,cheezIts,5165.0,ts3686,205,cheezIts|pringles,1,-3.0000000000000004,1,1,3.0000000000000004,3,1,0.07943063942987014,0.28037957371341987,-5.52341616342078,-2.632370866186756,-2.5328710981382248,5165.0,0.28037957371341987
russetChips,sunChips,2.966667,1.9,russetChips,1809.0,ts3686,206,russetChips|sunChips,1,-1.0666670000000003,0,-1,1.0666670000000003,6,1,0.2950150999182961,0.3843465675448923,0.6293657431690984,-0.9465460996631142,-0.34957889472306825,1809.0,0.3843465675448923
pringles,peanuts,4.133333,3.833333,peanuts,1222.0,ts3686,207,peanuts|pringles,1,-0.30000000000000027,1,1,0.30000000000000027,8,1,0.4390518856553118,0.4063207622979208,-0.3365688686068132,-0.0886627178488178,-0.8231376823321227,1222.0,0.4063207622979208
skittles,miniBagels,4.333333,1.066667,skittles,878.0,ts3686,208,miniBagels|skittles,1,-3.266666,0,-1,3.266666,3,1,0.06489458899740803,0.2663911223263058,0.4239778949236138,-2.5902310928132244,-0.06709601700781279,878.0,0.2663911223263058
sunChips,kindBar1,1.9,3.666667,kindBar1,1453.0,ts3686,209,kindBar1|sunChips,1,1.766667,1,1,1.766667,11,1,0.8088943268432366,0.3496916247863764,0.6752401725576795,-1.9298997692281912,-0.21208699240446283,1453.0,0.3496916247863764
goldfish,twizzlers,3.3,5.0,goldfish,679.0,ts3686,210,goldfish|twizzlers,1,1.7000000000000002,0,-1,1.7000000000000002,11,1,0.8003358310588327,0.35333627183392075,-2.7211418256000313,-1.8472693720102362,-1.6111184790896658,679.0,0.35333627183392075
famousAmos,peanuts,1.833333,3.833333,peanuts,1023.0,ts3686,211,famousAmos|peanuts,1,2.0,1,1,2.0,11,1,0.8366356167354972,0.33663561673549725,0.653457533058011,-2.1868233847217824,-0.1783666476845821,1023.0,0.33663561673549725
famousAmos,lindtChoc,1.833333,2.633333,lindtChoc,1299.0,ts3686,212,famousAmos|lindtChoc,1,0.7999999999999998,1,1,0.7999999999999998,9,1,0.6577677213616816,0.39441930340420417,0.5475716458213093,-0.5762799260066374,-0.41890341702759143,1299.0,0.39441930340420417
reeses,riceKrispies,0.466667,0.966667,riceKrispies,2199.0,ts3686,213,reeses|riceKrispies,1,0.5,1,1,0.5,9,1,0.6006925004186638,0.40277000167465565,0.39930749958133616,-0.23986102035943738,-0.509672121940657,2199.0,0.40277000167465565
chesapeake,skittles,1.033333,4.333333,skittles,1073.0,ts3686,214,chesapeake|skittles,1,3.3,1,1,3.3,13,1,0.9367380112800214,0.2646897038060736,0.4175291255518585,-2.5813616579581664,-0.06535163959678042,1073.0,0.2646897038060736
cheetos,peanuts,0.333333,3.833333,peanuts,1142.0,ts3686,215,cheetos|peanuts,1,3.5,1,1,3.5,14,1,0.9457543228677118,0.25471675592440673,0.3797197399260176,-2.5138510985926406,-0.05577244464390485,1142.0,0.25471675592440673
redVines,famousAmos,1.766667,1.833333,redVines,1315.0,ts3686,216,famousAmos|redVines,1,0.06666600000000011,0,-1,0.06666600000000011,8,1,0.5136082144106434,0.4082505148244494,-0.06848041044380003,-0.004441063470741444,-0.7207408366525635,1315.0,0.4082505148244494
jellyBean,fruitSnacks,2.666667,2.166667,fruitSnacks,1651.0,ts3686,217,fruitSnacks|jellyBean,1,-0.5,1,1,0.5,7,1,0.3993074995813361,0.40277000167465565,-0.6006925004186638,-0.23986102035943735,-0.9180234832678097,1651.0,0.40277000167465565
goldfish,chesapeake,3.3,1.033333,goldfish,2952.0,ts3686,218,chesapeake|goldfish,1,-2.266667,0,-1,2.266667,4,1,0.13573287305028076,0.3214121235714988,0.6153224483165215,-2.4108404605142915,-0.14587338325240998,2952.0,0.3214121235714988
twizzlers,pretzelStx,5.0,3.433333,twizzlers,660.0,ts3686,219,pretzelStx|twizzlers,1,-1.5666669999999998,0,-1,1.5666669999999998,5,1,0.21763514158639988,0.36046570000338324,0.6819235887274806,-1.6716745850988652,-0.2454340763857852,660.0,0.36046570000338324
redVines,peanuts,1.766667,3.833333,peanuts,808.0,ts3686,220,peanuts|redVines,1,2.066666,1,1,2.066666,11,1,0.843941435013715,0.33284665738316216,0.6450418605318914,-2.25009316163756,-0.16967217658793962,808.0,0.33284665738316216
stringCheese,russetChips,0.7,2.966667,russetChips,3506.0,ts3686,221,russetChips|stringCheese,1,2.266667,1,1,2.266667,12,1,0.8642671269497193,0.3214121235714988,0.6153224483165212,-2.41084046051429,-0.14587338325240998,3506.0,0.3214121235714988
doritos,peanuts,1.766667,3.833333,peanuts,754.0,ts3686,222,doritos|peanuts,1,2.066666,1,1,2.066666,11,1,0.843941435013715,0.33284665738316216,0.6450418605318914,-2.25009316163756,-0.16967217658793962,754.0,0.33284665738316216
lays,jellyBean,2.033333,2.666667,jellyBean,5536.0,ts3686,223,jellyBean|lays,1,0.6333340000000001,1,1,0.6333340000000001,9,0,0.626503470738507,0.3994842239276811,0.4730961017265969,-0.37543577151292257,-0.46760096477547414,,
peanuts,stringCheese,3.833333,0.7,peanuts,1123.0,ts3686,224,peanuts|stringCheese,1,-3.1333330000000004,0,-1,3.1333330000000004,3,1,0.07182407305549662,0.2733038122309396,0.45009747659839683,-2.6180228148447253,-0.07453398771446232,1123.0,0.2733038122309396
doritos,haribo,1.766667,4.366667,haribo,1116.0,ts3686,225,doritos|haribo,1,2.5999999999999996,1,1,2.5999999999999996,12,1,0.8931594017762471,0.30243030905865165,0.5555711107635151,-2.5803105168552722,-0.11299021260595445,1116.0,0.30243030905865165
riceKrispies,peanuts,0.966667,3.833333,peanuts,672.0,ts3686,226,peanuts|riceKrispies,1,2.866666,1,1,2.866666,13,1,0.9122333253005953,0.2876047124433717,0.5031954845876873,-2.631781078332657,-0.09185948248366943,672.0,0.2876047124433717
miniBagels,raisins,1.066667,4.566667,raisins,761.0,ts3686,227,miniBagels|raisins,0,3.5,1,1,3.5,14,1,0.9457543228677118,0.25471675592440673,0.3797197399260176,-2.5138510985926406,-0.05577244464390485,761.0,0.25471675592440673
sunChips,haribo,1.9,4.366667,haribo,1478.0,ts3686,228,haribo|sunChips,0,2.4666669999999997,1,1,2.4666669999999997,12,1,0.8823145932945963,0.30998476348416404,0.5805814182035961,-2.52712726702872,-0.12520660483125062,1478.0,0.30998476348416404
kindBar1,cheezIts,3.666667,1.133333,kindBar1,771.0,ts3686,229,cheezIts|kindBar1,1,-2.533334,0,-1,2.533334,4,1,0.11214848388467553,0.3061984847756549,0.5682191345470012,-2.5561047211316423,-0.11895076155322387,771.0,0.3061984847756549
skittles,jellyBean,4.333333,2.666667,skittles,1143.0,ts3686,230,jellyBean|skittles,1,-1.6666659999999998,0,-1,1.6666659999999998,5,1,0.20405010524305192,0.355140015764344,0.6801667454100326,-1.8045947762494385,-0.22821904140419566,1143.0,0.355140015764344
twizzlers,lindtChoc,5.0,2.633333,twizzlers,639.0,ts3686,231,lindtChoc|twizzlers,1,-2.366667,0,-1,2.366667,4,1,0.1264339855775682,0.31568954518944303,0.5984542826898132,-2.4745364752315253,-0.13517157765295965,639.0,0.31568954518944303
stringCheese,cheetos,0.7,0.333333,stringCheese,1668.0,ts3686,232,cheetos|stringCheese,1,-0.36666699999999997,0,-1,0.36666699999999997,7,1,0.42569000028758314,0.4053269026796347,0.31217295067089446,-0.13147508747671696,-0.5545859592620511,1668.0,0.4053269026796347
beefJerky,reeses,2.5,0.466667,beefJerky,5672.0,ts3686,233,beefJerky|reeses,1,-2.033333,0,-1,2.033333,5,0,0.15967763329991427,0.3347433663842428,0.6493556023012291,-2.219049651547938,-0.17396969088454906,,
lindtChoc,sunChips,2.633333,1.9,lindtChoc,1432.0,ts3686,234,lindtChoc|sunChips,1,-0.733333,0,-1,0.733333,7,1,0.35459195067880733,0.39656758749761073,0.5200679579342836,-0.49229531072170823,-0.43787252760877793,1432.0,0.39656758749761073
lays,peanuts,2.033333,3.833333,peanuts,657.0,ts3686,235,lays|peanuts,1,1.8000000000000003,1,1,1.8000000000000003,11,1,0.8130672504299838,0.34785250047775973,0.6729578984520582,-1.9697761013383994,-0.2069414539992737,657.0,0.34785250047775973
fruitSnacks,miniBagels,2.166667,1.066667,fruitSnacks,1186.0,ts3686,236,fruitSnacks|miniBagels,1,-1.0999999999999999,0,-1,1.0999999999999999,6,1,0.2893849621388854,0.38293643247475384,0.6366469167055478,-0.9953039202015244,-0.34162443341660115,1186.0,0.38293643247475384
fruitSnacks,goldfish,2.166667,3.3,fruitSnacks,711.0,ts3686,237,fruitSnacks|goldfish,1,1.133333,0,-1,1.133333,10,1,0.7161809856706544,0.3814959692705574,-1.6233430900661594,-1.0443338005223541,-1.2594185174542103,711.0,0.3814959692705574
pistachios,reeses,4.2,0.466667,pistachios,1010.0,ts3686,238,pistachios|reeses,0,-3.733333,0,-1,3.733333,2,1,0.045259662355971696,0.24361091691741846,0.33793878208481376,-2.409073393837121,-0.04631587322724734,1010.0,0.24361091691741846
stringCheese,pringles,0.7,4.133333,pringles,1068.0,ts3686,239,pringles|stringCheese,1,3.433333,1,1,3.433333,14,1,0.9428922623852972,0.25799551769973794,0.3921397602158007,-2.5389191671798863,-0.058803252732216246,1068.0,0.25799551769973794
raisins,kindBar2,4.566667,1.666667,kindBar2,886.0,ts3686,240,kindBar2|raisins,1,-2.9,1,1,2.9,3,1,0.08561134501963667,0.2857852792968023,-5.303454198886107,-2.6334079138567406,-2.457937469340335,886.0,0.2857852792968023
cheezIts,tostitos,1.133333,4.266667,tostitos,2273.0,ts3686,241,cheezIts|tostitos,1,3.133334,1,1,3.133334,13,1,0.9281759813902781,0.273303759758952,0.45009727905294855,-2.6180226549173153,-0.07453392905556858,2273.0,0.273303759758952
skittles,fruitSnacks,4.333333,2.166667,skittles,1164.0,ts3686,242,fruitSnacks|skittles,1,-2.1666659999999998,0,-1,2.1666659999999998,5,1,0.14560178032659613,0.3271369188175786,0.6309408539462094,-2.335989831334063,-0.15735789449396304,1164.0,0.3271369188175786
skittles,redVines,4.333333,1.766667,skittles,1343.0,ts3686,243,redVines|skittles,1,-2.5666659999999997,0,-1,2.5666659999999997,4,1,0.10946640686591105,0.30431196979590563,0.5619274092898009,-2.568797538473284,-0.11593445306267015,1343.0,0.30431196979590563
reeses,tostitos,0.466667,4.266667,tostitos,1221.0,ts3686,244,reeses|tostitos,1,3.8,1,1,3.8,14,1,0.9570356666758297,0.24054508772412087,0.32652893326369403,-2.3749987485457487,-0.043914618969923595,1221.0,0.24054508772412087
twizzlers,kindBar2,5.0,1.666667,twizzlers,2314.0,ts3686,245,kindBar2|twizzlers,1,-3.333333,0,-1,3.333333,3,1,0.061667799586643306,0.26299934654794865,0.411118622799089,-2.571772022569292,-0.06365123445193802,2314.0,0.26299934654794865
fruitSnacks,pretzelStx,2.166667,3.433333,pretzelStx,2085.0,ts3686,246,fruitSnacks|pretzelStx,1,1.2666660000000003,1,1,1.2666660000000003,10,1,0.737785366522421,0.3754507763252838,0.6642767218570224,-1.241569913134383,-0.3041023279517123,2085.0,0.3754507763252838
haribo,miniBagels,4.366667,1.066667,haribo,1426.0,ts3686,247,haribo|miniBagels,0,-3.3,0,-1,3.3,3,1,0.0632619887199786,0.2646897038060736,0.4175291255518587,-2.5813616579581673,-0.06535163959678042,1426.0,0.2646897038060736
lindtChoc,beefJerky,2.633333,2.5,lindtChoc,2512.0,ts3686,248,beefJerky|lindtChoc,1,-0.13333299999999992,0,-1,0.13333299999999992,8,1,0.47280351281898425,0.4079483275860557,0.12608062154938718,-0.01772509189580907,-0.6401819589779963,2512.0,0.4079483275860557
kindBar1,pringles,3.666667,4.133333,pringles,1677.0,ts3686,249,kindBar1|pringles,1,0.46666600000000047,1,1,0.46666600000000047,9,1,0.5941449875589803,0.4034790945086213,0.3787974704716022,-0.21005627707451746,-0.5206319026041983,1677.0,0.4034790945086213
skittles,redVines,4.333333,1.766667,skittles,905.0,ts3686,250,redVines|skittles,0,-2.5666659999999997,0,-1,2.5666659999999997,4,1,0.10946640686591105,0.30431196979590563,0.5619274092898009,-2.568797538473284,-0.11593445306267015,905.0,0.30431196979590563
stringCheese,russetChips,0.7,2.966667,russetChips,1113.0,ts3686,251,russetChips|stringCheese,0,2.266667,1,1,2.266667,12,1,0.8642671269497193,0.3214121235714988,0.6153224483165212,-2.41084046051429,-0.14587338325240998,1113.0,0.3214121235714988
goldfish,famousAmos,3.3,1.833333,goldfish,1457.0,ts3686,252,famousAmos|goldfish,1,-1.4666669999999997,0,-1,1.4666669999999997,6,1,0.2318613063430024,0.36564359006781727,0.6801266531803445,-1.5324663717138156,-0.2637849714397868,1457.0,0.36564359006781727
fruitSnacks,stringCheese,2.166667,0.7,fruitSnacks,1559.0,ts3686,253,fruitSnacks|stringCheese,1,-1.466667,0,-1,1.466667,6,1,0.23186130634300237,0.3656435900678172,0.6801266531803445,-1.5324663717138156,-0.26378497143978663,1559.0,0.3656435900678172
cheetos,sunChips,0.333333,1.9,sunChips,1355.0,ts3686,254,cheetos|sunChips,1,1.5666669999999998,1,1,1.5666669999999998,11,1,0.7823648584136002,0.36046570000338324,0.6819235887274805,-1.671674585098865,-0.2454340763857852,1355.0,0.36046570000338324
russetChips,famousAmos,2.966667,1.833333,russetChips,2935.0,ts3686,255,famousAmos|russetChips,1,-1.133334,0,-1,1.133334,6,1,0.2838188483216579,0.38149592561123574,0.6433231012875557,-1.0443352746990227,-0.3338221388845444,2935.0,0.38149592561123574
pistachios,pretzelStx,4.2,3.433333,pretzelStx,2894.0,ts3686,256,pistachios|pretzelStx,1,-0.766667,1,1,0.766667,7,1,0.34838651652960734,0.3955132631778665,-0.999141109063591,-0.5337340775040895,-1.0544427358732271,2894.0,0.3955132631778665
reeses,tostitos,0.466667,4.266667,tostitos,1403.0,ts3686,257,reeses|tostitos,0,3.8,1,1,3.8,14,1,0.9570356666758297,0.24054508772412087,0.32652893326369403,-2.3749987485457487,-0.043914618969923595,1403.0,0.24054508772412087
tostitos,stringCheese,4.266667,0.7,tostitos,713.0,ts3686,258,stringCheese|tostitos,1,-3.566667,0,-1,3.566667,2,1,0.05151921677317574,0.25148452783891756,0.3675037806614648,-2.4864681849204993,-0.05289374998434377,713.0,0.25148452783891756
pretzelStx,kindBar2,3.433333,1.666667,pretzelStx,611.0,ts3686,259,kindBar2|pretzelStx,1,-1.7666660000000003,0,-1,1.7666660000000003,5,1,0.19110579940620967,0.3496916798011512,0.6752402364275417,-1.9298985581662766,-0.21208714848103796,611.0,0.3496916798011512
cheetos,goldfish,0.333333,3.3,cheetos,807.0,ts3686,260,cheetos|goldfish,0,2.9666669999999997,0,-1,2.9666669999999997,13,1,0.9185558363024721,0.28217244220701015,-5.450098574431891,-2.633680704003735,-2.507837601534847,807.0,0.28217244220701015
lays,tostitos,2.033333,4.266667,tostitos,2452.0,ts3686,261,lays|tostitos,1,2.233334,1,1,2.233334,12,1,0.861041809024923,0.3233209264936844,0.6206801049662652,-2.3871281703885243,-0.14961221705166491,2452.0,0.3233209264936844
cheetos,pistachios,0.333333,4.2,pistachios,914.0,ts3686,262,cheetos|pistachios,0,3.866667,1,1,3.866667,14,1,0.9592195610049136,0.23752733866397782,0.31536875541562776,-2.339394466900956,-0.04163528243578201,914.0,0.23752733866397782
tostitos,riceKrispies,4.266667,0.966667,tostitos,916.0,ts3686,263,riceKrispies|tostitos,0,-3.3,0,-1,3.3,3,1,0.0632619887199786,0.2646897038060736,0.4175291255518587,-2.5813616579581673,-0.06535163959678042,916.0,0.2646897038060736
reeses,skittles,0.466667,4.333333,skittles,1457.0,ts3686,264,reeses|skittles,1,3.8666659999999995,1,1,3.8666659999999995,14,1,0.9592195290576188,0.2375273835690069,0.315368920913787,-2.339395011629731,-0.04163531574129061,1457.0,0.2375273835690069
pretzelStx,skittles,3.433333,4.333333,skittles,1676.0,ts3686,265,pretzelStx|skittles,1,0.8999999999999995,1,1,0.8999999999999995,9,1,0.6759086362238257,0.3909080804973905,0.5833644547971134,-0.7097419315140702,-0.39169736558828305,1676.0,0.3909080804973905
goldfish,lays,3.3,2.033333,goldfish,776.0,ts3686,266,goldfish|lays,1,-1.266667,0,-1,1.266667,6,1,0.26221447547983684,0.37545072938690777,0.664276846025237,-1.2415713912832613,-0.3041021138003717,776.0,0.37545072938690777
chesapeake,haribo,1.033333,4.366667,haribo,1800.0,ts3686,267,chesapeake|haribo,0,3.333334,1,1,3.333334,13,1,0.9383322476717465,0.2629992960031887,0.41111843107869306,-2.5717717243099223,-0.06365118408769743,1800.0,0.2629992960031887
pretzelStx,miniBagels,3.433333,1.066667,pretzelStx,632.0,ts3686,268,miniBagels|pretzelStx,1,-2.3666660000000004,0,-1,2.3666660000000004,4,1,0.12643407578113153,0.3156896023510444,0.598454456785255,-2.4745358939981306,-0.13517168091197665,632.0,0.3156896023510444
redVines,reeses,1.766667,0.466667,redVines,1392.0,ts3686,269,redVines|reeses,1,-1.3,0,-1,1.3,6,1,0.2569821312827877,0.3738736441803266,0.668153541335248,-1.2907700526728119,-0.29703518513604743,1392.0,0.3738736441803266
peanuts,russetChips,3.833333,2.966667,peanuts,2656.0,ts3686,270,peanuts|russetChips,1,-0.8666659999999999,0,-1,0.8666659999999999,7,1,0.33008326630362,0.3921158409269085,0.5721438881485862,-0.6643666811865834,-0.4006018523853885,2656.0,0.3921158409269085
doritos,pringles,1.766667,4.133333,pringles,950.0,ts3686,271,doritos|pringles,1,2.3666660000000004,1,1,2.3666660000000004,12,1,0.8735659242188685,0.3156896023510444,0.598454456785255,-2.4745358939981306,-0.13517168091197665,950.0,0.3156896023510444
skittles,doritos,4.333333,1.766667,skittles,1134.0,ts3686,272,doritos|skittles,1,-2.5666659999999997,0,-1,2.5666659999999997,4,1,0.10946640686591105,0.30431196979590563,0.5619274092898009,-2.568797538473284,-0.11593445306267015,1134.0,0.30431196979590563
famousAmos,stringCheese,1.833333,0.7,stringCheese,1847.0,ts3686,273,famousAmos|stringCheese,1,-1.1333330000000001,1,1,1.1333330000000001,6,1,0.28381901432934564,0.3814959692705574,-1.6233430900661596,-1.0443338005223546,-1.2594185174542105,1847.0,0.3814959692705574
animalCookies,stringCheese,2.533333,0.7,animalCookies,1684.0,ts3686,274,animalCookies|stringCheese,1,-1.8333329999999999,0,-1,1.8333329999999999,5,1,0.182830349540631,0.3460033179562786,0.6703778264287472,-2.0086451531528575,-0.20190855517745165,1684.0,0.3460033179562786
doritos,twizzlers,1.766667,5.0,twizzlers,936.0,ts3686,275,doritos|twizzlers,1,3.233333,1,1,3.233333,13,1,0.9334337230146478,0.2681033614630153,0.4304618801277597,-2.5983557742751335,-0.06888531689831669,936.0,0.2681033614630153
haribo,kindBar1,4.366667,3.666667,haribo,1622.0,ts3686,276,haribo|kindBar1,1,-0.6999999999999997,0,-1,0.6999999999999997,7,1,0.3608465181311666,0.39758137676809563,0.505185125383633,-0.4520471646282089,-0.4476106627277254,1622.0,0.39758137676809563
pretzelStx,tostitos,3.433333,4.266667,pretzelStx,728.0,ts3686,277,pretzelStx|tostitos,1,0.8333339999999998,0,-1,0.8333339999999998,9,1,0.663869506712182,0.39328650148003574,-1.1064500630129788,-0.6198531716802902,-1.0902558215357485,728.0,0.39328650148003574
twizzlers,lays,5.0,2.033333,twizzlers,882.0,ts3686,278,lays|twizzlers,0,-2.966667,0,-1,2.966667,3,1,0.08144416369752792,0.2821724422070101,0.48323542556810817,-2.633680704003735,-0.08495258542616681,882.0,0.2821724422070101
beefJerky,doritos,2.5,1.766667,beefJerky,1821.0,ts3686,279,beefJerky|doritos,1,-0.733333,0,-1,0.733333,7,1,0.35459195067880733,0.39656758749761073,0.5200679579342836,-0.49229531072170823,-0.43787252760877793,1821.0,0.39656758749761073
miniBagels,animalCookies,1.066667,2.533333,animalCookies,1386.0,ts3686,280,animalCookies|miniBagels,1,1.4666659999999998,1,1,1.4666659999999998,10,1,0.7681385482008708,0.3656436410210242,0.6801266161288432,-1.5324649531755807,-0.263785160801606,1386.0,0.3656436410210242
doritos,fruitSnacks,1.766667,2.166667,fruitSnacks,880.0,ts3686,281,doritos|fruitSnacks,1,0.3999999999999999,1,1,0.3999999999999999,9,1,0.580951616238999,0.4047580811949951,0.3352387070088007,-0.15580597493010798,-0.5430878022949981,880.0,0.4047580811949951
russetChips,cheetos,2.966667,0.333333,russetChips,750.0,ts3686,282,cheetos|russetChips,1,-2.633334,0,-1,2.633334,4,1,0.10427040086555557,0.3005540498352616,0.5491575835857938,-2.5906566208188373,-0.11011669823427822,750.0,0.3005540498352616
famousAmos,riceKrispies,1.833333,0.966667,famousAmos,3389.0,ts3686,283,famousAmos|riceKrispies,1,-0.866666,0,-1,0.866666,7,1,0.33008326630362,0.39211584092690843,0.5721438881485863,-0.6643666811865836,-0.4006018523853885,3389.0,0.39211584092690843
raisins,lindtChoc,4.566667,2.633333,raisins,1470.0,ts3686,284,lindtChoc|raisins,1,-1.9333339999999999,0,-1,1.9333339999999999,5,1,0.17094294346861516,0.3404037342035932,0.6609796093359032,-2.118894660113795,-0.18746630048375865,1470.0,0.3404037342035932
reeses,cheetos,0.466667,0.333333,reeses,6511.0,ts3686,285,cheetos|reeses,1,-0.133334,0,-1,0.133334,8,0,0.47280330924738134,0.4079483215476719,0.1260815128703807,-0.01772535698643471,-0.6401815728381633,,
pringles,reeses,4.133333,0.466667,pringles,2494.0,ts3686,286,pringles|reeses,0,-3.666666,0,-1,3.666666,2,1,0.0476715089880508,0.24672467632009526,0.34959100235036056,-2.441453015523645,-0.048845250124088725,2494.0,0.24672467632009526
pretzelStx,doritos,3.433333,1.766667,pretzelStx,993.0,ts3686,287,doritos|pretzelStx,1,-1.6666660000000002,0,-1,1.6666660000000002,5,1,0.20405010524305187,0.355140015764344,0.6801667454100326,-1.8045947762494392,-0.22821904140419566,993.0,0.355140015764344
tostitos,kindBar2,4.266667,1.666667,tostitos,743.0,ts3686,288,kindBar2|tostitos,1,-2.6,0,-1,2.6,4,1,0.10684059822375287,0.30243030905865165,0.555571110763515,-2.5803105168552722,-0.11299021260595445,743.0,0.30243030905865165
tostitos,cheetos,4.266667,0.333333,tostitos,546.0,ts3686,289,cheetos|tostitos,0,-3.933334,0,-1,3.933334,2,1,0.038703063656937146,0.23455772448668882,0.3044641523719904,-2.3024199845322664,-0.039471930909034156,546.0,0.23455772448668882
tostitos,stringCheese,4.266667,0.7,tostitos,668.0,ts3686,290,stringCheese|tostitos,0,-3.566667,0,-1,3.566667,2,1,0.05151921677317574,0.25148452783891756,0.3675037806614648,-2.4864681849204993,-0.05289374998434377,668.0,0.25148452783891756
raisins,doritos,4.566667,1.766667,raisins,1396.0,ts3686,291,doritos|raisins,1,-2.8,0,-1,2.8,4,1,0.09222480607413051,0.2912679956613354,0.5164589140151309,-2.625440108619044,-0.09675851481685001,1396.0,0.2912679956613354
cheezIts,tostitos,1.133333,4.266667,tostitos,1491.0,ts3686,292,cheezIts|tostitos,0,3.133334,1,1,3.133334,13,1,0.9281759813902781,0.273303759758952,0.45009727905294855,-2.6180226549173153,-0.07453392905556858,1491.0,0.273303759758952
jellyBean,redVines,2.666667,1.766667,jellyBean,2708.0,ts3686,293,jellyBean|redVines,1,-0.8999999999999999,0,-1,0.8999999999999999,7,1,0.32409136377617426,0.3909080804973905,0.5833644547971136,-0.709741931514071,-0.3916973655882829,2708.0,0.3909080804973905
peanuts,stringCheese,3.833333,0.7,peanuts,1608.0,ts3686,294,peanuts|stringCheese,0,-3.1333330000000004,0,-1,3.1333330000000004,3,1,0.07182407305549662,0.2733038122309396,0.45009747659839683,-2.6180228148447253,-0.07453398771446232,1608.0,0.2733038122309396
fruitSnacks,kindBar1,2.166667,3.666667,fruitSnacks,1319.0,ts3686,295,fruitSnacks|kindBar1,1,1.5,0,-1,1.5,10,1,0.7729517511318228,0.3639356681757637,-2.3188552533954683,-1.5794760739866431,-1.4825927340062266,1319.0,0.3639356681757637
sunChips,cheezIts,1.9,1.133333,sunChips,4099.0,ts3686,296,cheezIts|sunChips,1,-0.766667,0,-1,0.766667,7,1,0.34838651652960734,0.3955132631778665,0.534192890936409,-0.5337340775040895,-0.42830370960401876,4099.0,0.3955132631778665
famousAmos,kindBar1,1.833333,3.666667,famousAmos,1351.0,ts3686,297,famousAmos|kindBar1,1,1.8333339999999998,0,-1,1.8333339999999998,11,1,0.8171697724775114,0.3460032623379171,-2.9962902553105715,-2.0086463037900115,-1.6991972751941655,1351.0,0.3460032623379171
animalCookies,twizzlers,2.533333,5.0,animalCookies,1058.0,ts3686,298,animalCookies|twizzlers,1,2.466667,0,-1,2.466667,12,1,0.8823145932945963,0.309984763484164,-4.352752581796404,-2.5271272670287215,-2.139740259612779,1058.0,0.309984763484164
kindBar1,lindtChoc,3.666667,2.633333,lindtChoc,4125.0,ts3686,299,kindBar1|lindtChoc,1,-1.033334,1,1,1.033334,6,1,0.3007084224984432,0.3857253850188938,-1.4452035258919873,-0.8981426491975094,-1.2016141797409299,4125.0,0.3857253850188938
lays,miniBagels,2.033333,1.066667,lays,1454.0,ts3686,300,lays|miniBagels,1,-0.9666659999999998,0,-1,0.9666659999999998,6,1,0.3122806019764393,0.3883852292799389,0.6037420807803132,-0.8027293844142221,-0.3743743759528643,1454.0,0.3883852292799389
riceKrispies,lays,0.966667,2.033333,lays,930.0,ts3686,301,lays|riceKrispies,1,1.0666659999999997,1,1,1.0666659999999997,10,1,0.7049847302228707,0.38434660938451337,0.6293655155041826,-0.946544641815723,-0.349579135662773,930.0,0.38434660938451337
jellyBean,cheetos,2.666667,0.333333,jellyBean,11357.0,ts3686,302,cheetos|jellyBean,1,-2.333334,0,-1,2.333334,4,0,0.12947144230628727,0.31759581585294927,0.6042002367245969,-2.4545439842570422,-0.13865471423076872,,
skittles,stringCheese,4.333333,0.7,skittles,1091.0,ts3686,303,skittles|stringCheese,1,-3.6333329999999995,0,-1,3.6333329999999995,2,1,0.048922741282931156,0.24829943124787565,0.35550522070747215,-2.4569537381872153,-0.05015998028636721,1091.0,0.24829943124787565
twizzlers,fruitSnacks,5.0,2.166667,twizzlers,690.0,ts3686,304,fruitSnacks|twizzlers,1,-2.833333,0,-1,2.833333,3,1,0.08997086045562315,0.2894323678468975,0.5098348159346242,-2.629132077533901,-0.09427865850658074,690.0,0.2894323678468975
doritos,chesapeake,1.766667,1.033333,chesapeake,4183.0,ts3686,305,chesapeake|doritos,1,-0.7333339999999999,1,1,0.7333339999999999,7,1,0.3545917637711036,0.3965675564719391,-0.946599607013363,-0.4922965364212217,-1.036788112427615,4183.0,0.3965675564719391
riceKrispies,goldfish,0.966667,3.3,goldfish,1036.0,ts3686,306,goldfish|riceKrispies,0,2.3333329999999997,1,1,2.3333329999999997,12,1,0.8705284656442742,0.31759587306593123,0.6042004073456974,-2.454543365909609,-0.13865481997048576,1036.0,0.31759587306593123
fruitSnacks,pistachios,2.166667,4.2,fruitSnacks,996.0,ts3686,307,fruitSnacks|pistachios,1,2.0333330000000003,0,-1,2.0333330000000003,11,1,0.8403223667000858,0.3347433663842428,-3.4173103976987713,-2.2190496515479388,-1.8345982880473966,996.0,0.3347433663842428
chesapeake,skittles,1.033333,4.333333,skittles,863.0,ts3686,308,chesapeake|skittles,0,3.3,1,1,3.3,13,1,0.9367380112800214,0.2646897038060736,0.4175291255518585,-2.5813616579581664,-0.06535163959678042,863.0,0.2646897038060736
doritos,pistachios,1.766667,4.2,pistachios,1024.0,ts3686,309,doritos|pistachios,1,2.433333,1,1,2.433333,12,1,0.8794582244808221,0.3118835148997873,0.5866365604988154,-2.510821749222648,-0.12844921510169363,1024.0,0.3118835148997873
cheezIts,pistachios,1.133333,4.2,pistachios,967.0,ts3686,310,cheezIts|pistachios,0,3.0666670000000003,1,1,3.0666670000000003,13,1,0.924460546265239,0.2768220653010182,0.4633086999328367,-2.62697205036041,-0.07854490481979678,967.0,0.2768220653010182
haribo,russetChips,4.366667,2.966667,russetChips,1319.0,ts3686,311,haribo|russetChips,1,-1.3999999999999995,1,1,1.3999999999999995,6,1,0.24169963092361638,0.3690005272519768,-2.1232410334138736,-1.4369224075864302,-1.4200595182758666,1319.0,0.3690005272519768
miniBagels,cheezIts,1.066667,1.133333,cheezIts,6729.0,ts3686,312,cheezIts|miniBagels,1,0.06666599999999989,1,1,0.06666599999999989,8,0,0.5136082144106434,0.4082505148244494,0.06485158955619999,-0.004441063470741415,-0.6662945329440914,,
kindBar1,pretzelStx,3.666667,3.433333,pretzelStx,1678.0,ts3686,313,kindBar1|pretzelStx,1,-0.2333339999999997,1,1,0.2333339999999997,8,1,0.4525025233859842,0.40712006491995095,-0.25549955241650923,-0.05395344384207083,-0.7929619393140936,1678.0,0.40712006491995095
goldfish,tostitos,3.3,4.266667,goldfish,817.0,ts3686,314,goldfish|tostitos,1,0.9666670000000002,0,-1,0.9666670000000002,10,1,0.6877195734197764,0.3883851903908512,-1.3295916337579503,-0.8027307991006583,-1.1638536917125877,817.0,0.3883851903908512
reeses,kindBar1,0.466667,3.666667,kindBar1,1116.0,ts3686,315,kindBar1|reeses,1,3.1999999999999997,1,1,3.1999999999999997,13,1,0.9317221165388069,0.2698263228367543,0.43697845415163594,-2.605711937177716,-0.07072066697470952,1116.0,0.2698263228367543
haribo,lays,4.366667,2.033333,haribo,1930.0,ts3686,316,haribo|lays,1,-2.333334,0,-1,2.333334,4,1,0.12947144230628727,0.31759581585294927,0.6042002367245969,-2.4545439842570422,-0.13865471423076872,1930.0,0.31759581585294927
haribo,raisins,4.366667,4.566667,raisins,1125.0,ts3686,317,haribo|raisins,1,0.20000000000000018,1,1,0.20000000000000018,8,1,0.5407445871373887,0.4074458713738864,0.18370216514504467,-0.03973438057904067,-0.6148082241160565,1125.0,0.4074458713738864
beefJerky,tostitos,2.5,4.266667,tostitos,1171.0,ts3686,318,beefJerky|tostitos,1,1.766667,1,1,1.766667,11,1,0.8088943268432366,0.3496916247863764,0.6752401725576795,-1.9298997692281912,-0.21208699240446283,1171.0,0.3496916247863764
lindtChoc,peanuts,2.633333,3.833333,peanuts,1272.0,ts3686,319,lindtChoc|peanuts,1,1.2000000000000002,1,1,1.2000000000000002,10,1,0.7271168014120427,0.3785280023534044,0.6549196766110976,-1.1428874410542498,-0.3186681521635252,1272.0,0.3785280023534044
pretzelStx,raisins,3.433333,4.566667,pretzelStx,754.0,ts3686,320,pretzelStx|raisins,1,1.1333339999999996,0,-1,1.1333339999999996,10,1,0.7161811516783422,0.3814959256112358,-1.623344898712444,-1.0443352746990215,-1.2594191023612389,754.0,0.3814959256112358
cheetos,raisins,0.333333,4.566667,raisins,775.0,ts3686,321,cheetos|raisins,1,4.233334,1,1,4.233334,15,1,0.9694503313778776,0.2217875232041117,0.2586539017335277,-2.123034872000426,-0.03102603678468762,775.0,0.2217875232041117
cheezIts,beefJerky,1.133333,2.5,cheezIts,5876.0,ts3686,322,beefJerky|cheezIts,1,1.366667,0,-1,1.366667,10,0,0.7532758640142356,0.370647515472658,-2.058954530489487,-1.3885166640177682,-1.399484424862453,,
pringles,sunChips,4.133333,1.9,pringles,3115.0,ts3686,323,pringles|sunChips,1,-2.2333330000000005,0,-1,2.2333330000000005,4,1,0.13895828869261637,0.3233209837560127,0.6206802635214941,-2.387127440417387,-0.14961233053923753,3115.0,0.3233209837560127
haribo,cheetos,4.366667,0.333333,cheetos,1102.0,ts3686,324,cheetos|haribo,1,-4.033334,1,1,4.033334,2,1,0.035776396570971265,0.23019348431299205,-7.778071686625636,-2.244722813921677,-3.3304669166783345,1102.0,0.23019348431299205
twizzlers,cheezIts,5.0,1.133333,twizzlers,2602.0,ts3686,325,cheezIts|twizzlers,0,-3.866667,0,-1,3.866667,2,1,0.040780438995086425,0.23752733866397782,0.3153687554156277,-2.339394466900956,-0.04163528243578201,2602.0,0.23752733866397782
lays,chesapeake,2.033333,1.033333,lays,1370.0,ts3686,326,chesapeake|lays,1,-0.9999999999999998,0,-1,0.9999999999999998,6,1,0.30646402827098035,0.38707194345803936,0.6129280565419606,-0.8501753105876162,-0.3659521707396831,1370.0,0.38707194345803936
goldfish,sunChips,3.3,1.9,goldfish,5559.0,ts3686,327,goldfish|sunChips,1,-1.4,0,-1,1.4,6,0,0.24169963092361627,0.36900052725197674,0.6767589665861256,-1.4369224075864306,-0.27667570655983925,,
kindBar2,pistachios,1.666667,4.2,kindBar2,1454.0,ts3686,328,kindBar2|pistachios,1,2.5333330000000003,0,-1,2.5333330000000003,12,1,0.8878514347952273,0.30619854144340863,-4.498446677728196,-2.5561043224945674,-2.187930811635229,1454.0,0.30619854144340863
skittles,stringCheese,4.333333,0.7,skittles,1130.0,ts3686,329,skittles|stringCheese,0,-3.6333329999999995,0,-1,3.6333329999999995,2,1,0.048922741282931156,0.24829943124787565,0.35550522070747215,-2.4569537381872153,-0.05015998028636721,1130.0,0.24829943124787565
cheetos,beefJerky,0.333333,2.5,beefJerky,1762.0,ts3686,330,beefJerky|cheetos,1,2.166667,1,1,2.166667,11,1,0.8543983212727465,0.32713686161532574,0.6309407048858843,-2.335990635384072,-0.15735777558063396,1762.0,0.32713686161532574
raisins,beefJerky,4.566667,2.5,raisins,2433.0,ts3686,331,beefJerky|raisins,1,-2.066667,0,-1,2.066667,5,1,0.1560584574230635,0.3328466004217772,0.6450417280543007,-2.250094075054317,-0.1696720491345285,2433.0,0.3328466004217772
twizzlers,fruitSnacks,5.0,2.166667,twizzlers,3135.0,ts3686,332,fruitSnacks|twizzlers,0,-2.833333,0,-1,2.833333,3,1,0.08997086045562315,0.2894323678468975,0.5098348159346242,-2.629132077533901,-0.09427865850658074,3135.0,0.2894323678468975
sunChips,lays,1.9,2.033333,sunChips,1736.0,ts3686,333,lays|sunChips,1,0.13333299999999992,0,-1,0.13333299999999992,8,1,0.5271964871810159,0.4079483275860557,-0.1405853784506127,-0.01772509189580907,-0.749075383097663,1736.0,0.4079483275860557
twizzlers,lindtChoc,5.0,2.633333,twizzlers,849.0,ts3686,334,lindtChoc|twizzlers,0,-2.366667,0,-1,2.366667,4,1,0.1264339855775682,0.31568954518944303,0.5984542826898132,-2.4745364752315253,-0.13517157765295965,849.0,0.31568954518944303
fruitSnacks,cheetos,2.166667,0.333333,fruitSnacks,1317.0,ts3686,335,cheetos|fruitSnacks,1,-1.8333339999999998,0,-1,1.8333339999999998,5,1,0.1828302275224886,0.3460032623379171,0.6703777446894281,-2.008646303790012,-0.2019084058594573,1317.0,0.3460032623379171
skittles,tostitos,4.333333,4.266667,skittles,788.0,ts3686,336,skittles|tostitos,1,-0.06666599999999967,0,-1,0.06666599999999967,8,1,0.48639178558935675,0.4082505148244494,0.0648515895561998,-0.004441063470741386,-0.6662945329440916,788.0,0.4082505148244494
lindtChoc,russetChips,2.633333,2.966667,russetChips,1983.0,ts3686,337,lindtChoc|russetChips,1,0.33333400000000024,1,1,0.33333400000000024,9,1,0.5676414590340567,0.40584794250845524,0.2882396037886837,-0.10907805098633697,-0.5662652936680771,1983.0,0.40584794250845524
cheezIts,kindBar2,1.133333,1.666667,cheezIts,1284.0,ts3686,338,cheezIts|kindBar2,1,0.533334,0,-1,0.533334,9,1,0.6072042168837747,0.4020153107950163,-0.6476853076149821,-0.2713689340027437,-0.9344654380069428,1284.0,0.4020153107950163
tostitos,jellyBean,4.266667,2.666667,jellyBean,1806.0,ts3686,339,jellyBean|tostitos,1,-1.6,1,1,1.6,5,1,0.21303549407508124,0.3587056324061484,-2.51828641895974,-1.716750052754097,-1.5462964883052763,1806.0,0.3587056324061484
goldfish,russetChips,3.3,2.966667,russetChips,1669.0,ts3686,340,goldfish|russetChips,1,-0.33333299999999966,1,1,0.33333299999999966,7,1,0.43235874140492037,0.4058479574184353,-0.37842712730254696,-0.10907740857182142,-0.8384996154270841,1669.0,0.4058479574184353
peanuts,cheetos,3.833333,0.333333,peanuts,1454.0,ts3686,341,cheetos|peanuts,0,-3.5,0,-1,3.5,2,1,0.054245677132288235,0.25471675592440673,0.37971973992601765,-2.5138510985926414,-0.05577244464390485,1454.0,0.25471675592440673
haribo,cheezIts,4.366667,1.133333,haribo,1383.0,ts3686,342,cheezIts|haribo,0,-3.2333339999999997,0,-1,3.2333339999999997,3,1,0.0665662262393768,0.26810330993372367,0.43046168510293825,-2.5983555419395863,-0.06888526253347771,1383.0,0.26810330993372367
cheetos,twizzlers,0.333333,5.0,twizzlers,967.0,ts3686,343,cheetos|twizzlers,1,4.666667,1,1,4.666667,15,1,0.9783588439549631,0.20501091847991854,0.20198413751444858,-1.8443878263168225,-0.02187876013520504,967.0,0.20501091847991854
chesapeake,pretzelStx,1.033333,3.433333,pretzelStx,1434.0,ts3686,344,chesapeake|pretzelStx,1,2.4000000000000004,1,1,2.4000000000000004,12,1,0.8765423171332389,0.31378526427769904,0.5925968777604532,-2.493293953718738,-0.13177029611343982,1434.0,0.31378526427769904
animalCookies,goldfish,2.533333,3.3,goldfish,1774.0,ts3686,345,animalCookies|goldfish,1,0.766667,1,1,0.766667,9,1,0.6516134834703926,0.3955132631778665,0.534192890936409,-0.5337340775040896,-0.42830370960401876,1774.0,0.3955132631778665
raisins,kindBar1,4.566667,3.666667,kindBar1,1094.0,ts3686,346,kindBar1|raisins,1,-0.8999999999999999,1,1,0.8999999999999999,7,1,0.32409136377617426,0.3909080804973905,-1.2166355452028863,-0.709741931514071,-1.126729815977158,1094.0,0.3909080804973905
riceKrispies,cheezIts,0.966667,1.133333,cheezIts,1018.0,ts3686,347,cheezIts|riceKrispies,1,0.16666599999999987,1,1,0.16666599999999987,8,1,0.5339767009456485,0.4077220422359514,0.15534047832038497,-0.02764928811468453,-0.6274030721617343,1018.0,0.4077220422359514
reeses,peanuts,0.466667,3.833333,peanuts,866.0,ts3686,348,peanuts|reeses,1,3.366666,1,1,3.366666,13,1,0.9398887942556354,0.26132012754198686,0.40474870519711376,-2.5614858943035523,-0.061993714699922244,866.0,0.26132012754198686
tostitos,sunChips,4.266667,1.9,tostitos,717.0,ts3686,349,sunChips|tostitos,1,-2.366667,0,-1,2.366667,4,1,0.1264339855775682,0.31568954518944303,0.5984542826898132,-2.4745364752315253,-0.13517157765295965,717.0,0.31568954518944303
pistachios,chesapeake,4.2,1.033333,chesapeake,890.0,ts3686,350,chesapeake|pistachios,0,-3.1666670000000003,1,1,3.1666670000000003,3,1,0.07003019832495852,0.27155984615688444,-5.889809363921798,-2.612275554703407,-2.658828725318742,890.0,0.27155984615688444
miniBagels,beefJerky,1.066667,2.5,beefJerky,3353.0,ts3686,351,beefJerky|miniBagels,1,1.433333,1,1,1.433333,10,1,0.7632547097217022,0.3673322385261516,0.678669674300927,-1.4849267537338147,-0.27016347677144553,3353.0,0.3673322385261516
riceKrispies,chesapeake,0.966667,1.033333,chesapeake,3304.0,ts3686,352,chesapeake|riceKrispies,1,0.066666,1,1,0.066666,8,1,0.5136082144106434,0.4082505148244494,0.0648515895562001,-0.0044410634707414305,-0.6662945329440914,3304.0,0.4082505148244494
raisins,famousAmos,4.566667,1.833333,famousAmos,1309.0,ts3686,353,famousAmos|raisins,1,-2.7333339999999997,1,1,2.7333339999999997,4,1,0.09688533868009877,0.294961875365324,-4.937028019368341,-2.614847424556202,-2.3342270751439145,1309.0,0.294961875365324
raisins,peanuts,4.566667,3.833333,peanuts,1587.0,ts3686,354,peanuts|raisins,1,-0.7333339999999997,1,1,0.7333339999999997,7,1,0.3545917637711036,0.39656755647193914,-0.9465996070133627,-0.49229653642122134,-1.036788112427615,1587.0,0.39656755647193914
pretzelStx,redVines,3.433333,1.766667,pretzelStx,1103.0,ts3686,355,pretzelStx|redVines,1,-1.6666660000000002,0,-1,1.6666660000000002,5,1,0.20405010524305187,0.355140015764344,0.6801667454100326,-1.8045947762494392,-0.22821904140419566,1103.0,0.355140015764344
cheetos,doritos,0.333333,1.766667,cheetos,1805.0,ts3686,356,cheetos|doritos,1,1.4333339999999999,0,-1,1.4333339999999999,10,1,0.763254857297368,0.36733218816740265,-2.187998275258931,-1.484928187203912,-1.440771063693969,1805.0,0.36733218816740265
riceKrispies,redVines,0.966667,1.766667,redVines,1180.0,ts3686,357,redVines|riceKrispies,1,0.7999999999999999,1,1,0.7999999999999999,9,1,0.6577677213616816,0.39441930340420417,0.5475716458213093,-0.5762799260066375,-0.41890341702759143,1180.0,0.39441930340420417
peanuts,chesapeake,3.833333,1.033333,peanuts,1045.0,ts3686,358,chesapeake|peanuts,1,-2.8,0,-1,2.8,4,1,0.09222480607413051,0.2912679956613354,0.5164589140151309,-2.625440108619044,-0.09675851481685001,1045.0,0.2912679956613354
pringles,jellyBean,4.133333,2.666667,pringles,971.0,ts3686,359,jellyBean|pringles,1,-1.4666660000000005,0,-1,1.4666660000000005,6,1,0.23186145179912923,0.36564364102102415,0.6801266161288435,-1.5324649531755823,-0.263785160801606,971.0,0.36564364102102415
riceKrispies,cheetos,0.966667,0.333333,riceKrispies,1212.0,ts3686,360,cheetos|riceKrispies,1,-0.6333340000000001,0,-1,0.6333340000000001,7,1,0.37349652926149296,0.3994842239276811,0.47309610172659683,-0.3754357715129226,-0.46760096477547414,1212.0,0.3994842239276811
raisins,cheezIts,4.566667,1.133333,raisins,1390.0,ts3686,361,cheezIts|raisins,0,-3.433334,0,-1,3.433334,2,1,0.05710769363818141,0.25799546817281316,0.39213957245910386,-2.5389188094502013,-0.05880320609218943,1390.0,0.25799546817281316
riceKrispies,pretzelStx,0.966667,3.433333,pretzelStx,963.0,ts3686,362,pretzelStx|riceKrispies,1,2.466666,1,1,2.466666,12,1,0.8823145084917919,0.3099848203946476,0.5805816011931711,-2.5271267961334827,-0.12520670094527733,963.0,0.3099848203946476
jellyBean,raisins,2.666667,4.566667,jellyBean,1606.0,ts3686,363,jellyBean|raisins,1,1.9,0,-1,1.9,11,1,0.8251642034556597,0.3422781089006943,-3.1356239731315068,-2.0832333970227093,-1.7439080510036646,1606.0,0.3422781089006943
pringles,chesapeake,4.133333,1.033333,pringles,1060.0,ts3686,364,chesapeake|pringles,1,-3.1000000000000005,0,-1,3.1000000000000005,3,1,0.07366020379103332,0.275057933038043,0.45669326350440664,-2.622929496797016,-0.07651416109620493,1060.0,0.275057933038043
cheezIts,stringCheese,1.133333,0.7,cheezIts,1231.0,ts3686,365,cheezIts|stringCheese,1,-0.43333299999999997,0,-1,0.43333299999999997,7,1,0.41243597409879795,0.40414196888398574,0.3574442359283088,-0.18201838437667117,-0.5317700586443745,1231.0,0.40414196888398574
jellyBean,stringCheese,2.666667,0.7,stringCheese,2054.0,ts3686,366,jellyBean|stringCheese,1,-1.966667,1,1,1.966667,5,1,0.1671193267992319,0.33852266113253354,-3.27599786984347,-2.153431762163942,-1.789047189989715,2054.0,0.33852266113253354
stringCheese,reeses,0.7,0.466667,stringCheese,1072.0,ts3686,367,reeses|stringCheese,1,-0.23333299999999996,0,-1,0.23333299999999996,8,1,0.45250272571918293,0.40712007543568335,0.21116763700046817,-0.05395298557209897,-0.6023977957863997,1072.0,0.40712007543568335
riceKrispies,twizzlers,0.966667,5.0,twizzlers,729.0,ts3686,368,riceKrispies|twizzlers,0,4.033333,1,1,4.033333,14,1,0.9642235752556767,0.23019352741550309,0.2885964690865914,-2.2447234029316103,-0.03643208672284603,729.0,0.23019352741550309
cheetos,raisins,0.333333,4.566667,raisins,1536.0,ts3686,369,cheetos|raisins,0,4.233334,1,1,4.233334,15,1,0.9694503313778776,0.2217875232041117,0.2586539017335277,-2.123034872000426,-0.03102603678468762,1536.0,0.2217875232041117
riceKrispies,peanuts,0.966667,3.833333,peanuts,1951.0,ts3686,370,peanuts|riceKrispies,0,2.866666,1,1,2.866666,13,1,0.9122333253005953,0.2876047124433717,0.5031954845876873,-2.631781078332657,-0.09185948248366943,1951.0,0.2876047124433717
riceKrispies,raisins,0.966667,4.566667,raisins,818.0,ts3686,371,raisins|riceKrispies,0,3.5999999999999996,1,1,3.5999999999999996,14,1,0.949794916697661,0.24988606483203396,0.36147659977684055,-2.4719661862070255,-0.05150919485273557,818.0,0.24988606483203396
doritos,redVines,1.766667,1.766667,redVines,672.0,ts3686,372,doritos|redVines,1,0.0,1,1,0.0,8,1,0.5,0.4083513613271528,0.0,-0.0,-0.6931471805599453,672.0,0.4083513613271528
haribo,lays,4.366667,2.033333,haribo,1132.0,ts3686,373,haribo|lays,0,-2.333334,0,-1,2.333334,4,1,0.12947144230628727,0.31759581585294927,0.6042002367245969,-2.4545439842570422,-0.13865471423076872,1132.0,0.31759581585294927
beefJerky,peanuts,2.5,3.833333,peanuts,1065.0,ts3686,374,beefJerky|peanuts,1,1.333333,1,1,1.333333,10,1,0.7481814407700071,0.37227225422307414,0.6715159900676082,-1.3397751342531485,-0.2901097625481489,1065.0,0.37227225422307414
redVines,haribo,1.766667,4.366667,haribo,2981.0,ts3686,375,haribo|redVines,1,2.5999999999999996,1,1,2.5999999999999996,12,1,0.8931594017762471,0.30243030905865165,0.5555711107635151,-2.5803105168552722,-0.11299021260595445,2981.0,0.30243030905865165
lindtChoc,fruitSnacks,2.633333,2.166667,fruitSnacks,2155.0,ts3686,376,fruitSnacks|lindtChoc,1,-0.466666,1,1,0.466666,7,1,0.4058550124410198,0.4034790945086213,-0.5545345295283981,-0.21005627707451704,-0.9017592953743929,2155.0,0.4034790945086213
twizzlers,stringCheese,5.0,0.7,twizzlers,905.0,ts3686,377,stringCheese|twizzlers,1,-4.3,0,-1,4.3,1,1,0.028977732582826404,0.21908012438008073,0.24920850021230706,-2.081088225247773,-0.029405878495287772,905.0,0.21908012438008073
skittles,pringles,4.333333,4.133333,skittles,722.0,ts3686,378,pringles|skittles,1,-0.1999999999999993,0,-1,0.1999999999999993,8,1,0.4592554128626115,0.4074458713738864,0.18370216514504395,-0.039734380579040315,-0.614808224116057,722.0,0.4074458713738864
pringles,riceKrispies,4.133333,0.966667,riceKrispies,1162.0,ts3686,379,pringles|riceKrispies,0,-3.166666,1,1,3.166666,3,1,0.07003025151353394,0.2715598983198519,-5.889807167121288,-2.612275739485315,-2.6588279658098943,1162.0,0.2715598983198519
cheetos,pringles,0.333333,4.133333,pringles,977.0,ts3686,380,cheetos|pringles,0,3.8000000000000003,1,1,3.8000000000000003,14,1,0.9570356666758297,0.24054508772412084,0.32652893326369403,-2.3749987485457487,-0.043914618969923595,977.0,0.24054508772412084
skittles,cheezIts,4.333333,1.133333,skittles,824.0,ts3686,381,cheezIts|skittles,1,-3.1999999999999997,0,-1,3.1999999999999997,3,1,0.06827788346119318,0.2698263228367543,0.43697845415163633,-2.605711937177718,-0.07072066697470952,824.0,0.2698263228367543
famousAmos,pistachios,1.833333,4.2,pistachios,1075.0,ts3686,382,famousAmos|pistachios,1,2.366667,1,1,2.366667,12,1,0.8735660144224318,0.31568954518944303,0.5984542826898134,-2.474536475231526,-0.13517157765295965,1075.0,0.31568954518944303
haribo,skittles,4.366667,4.333333,skittles,272.0,ts3686,383,haribo|skittles,1,-0.033333999999999975,1,1,0.033333999999999975,8,1,0.4931944281815581,0.4083261425836568,-0.03378771386199186,-0.0011109496997314349,-0.7068518050356528,272.0,0.4083261425836568
reeses,fruitSnacks,0.466667,2.166667,fruitSnacks,1329.0,ts3686,384,fruitSnacks|reeses,1,1.7,1,1,1.7,11,1,0.8003358310588325,0.35333627183392075,0.6788581743999693,-1.8472693720102362,-0.22272385057734626,1329.0,0.35333627183392075
twizzlers,sunChips,5.0,1.9,twizzlers,852.0,ts3686,385,sunChips|twizzlers,0,-3.1,0,-1,3.1,3,1,0.07366020379103334,0.275057933038043,0.45669326350440675,-2.622929496797017,-0.07651416109620493,852.0,0.275057933038043
beefJerky,kindBar1,2.5,3.666667,kindBar1,783.0,ts3686,386,beefJerky|kindBar1,1,1.166667,1,1,1.166667,10,1,0.721681972185287,0.38002612945302644,0.6494089171130156,-1.0935559645770814,-0.32617071886771865,783.0,0.38002612945302644
lays,pretzelStx,2.033333,3.433333,pretzelStx,1507.0,ts3686,387,lays|pretzelStx,1,1.4000000000000004,1,1,1.4000000000000004,10,1,0.7583003690763838,0.3690005272519767,0.6767589665861257,-1.4369224075864315,-0.27667570655983914,1507.0,0.3690005272519767
sunChips,raisins,1.9,4.566667,raisins,1444.0,ts3686,388,raisins|sunChips,0,2.666667,1,1,2.666667,12,1,0.8982449362823751,0.29868366487632325,0.5426937409973752,-2.5998504839307683,-0.10731249031875978,1444.0,0.29868366487632325
reeses,skittles,0.466667,4.333333,skittles,745.0,ts3686,389,reeses|skittles,0,3.8666659999999995,1,1,3.8666659999999995,14,1,0.9592195290576188,0.2375273835690069,0.315368920913787,-2.339395011629731,-0.04163531574129061,745.0,0.2375273835690069
pretzelStx,russetChips,3.433333,2.966667,russetChips,1368.0,ts3686,390,pretzelStx|russetChips,1,-0.466666,1,1,0.466666,7,1,0.4058550124410198,0.4034790945086213,-0.5545345295283981,-0.21005627707451704,-0.9017592953743929,1368.0,0.4034790945086213
goldfish,miniBagels,3.3,1.066667,goldfish,1334.0,ts3686,391,goldfish|miniBagels,1,-2.233333,0,-1,2.233333,4,1,0.1389582886926164,0.32332098375601276,0.6206802635214941,-2.387127440417387,-0.14961233053923767,1334.0,0.32332098375601276
reeses,kindBar1,0.466667,3.666667,kindBar1,947.0,ts3686,392,kindBar1|reeses,0,3.1999999999999997,1,1,3.1999999999999997,13,1,0.9317221165388069,0.2698263228367543,0.43697845415163594,-2.605711937177716,-0.07072066697470952,947.0,0.2698263228367543
twizzlers,jellyBean,5.0,2.666667,twizzlers,655.0,ts3686,393,jellyBean|twizzlers,1,-2.333333,0,-1,2.333333,4,1,0.12947153435572573,0.31759587306593123,0.6042004073456971,-2.454543365909609,-0.13865481997048576,655.0,0.31759587306593123
kindBar1,stringCheese,3.666667,0.7,kindBar1,925.0,ts3686,394,kindBar1|stringCheese,0,-2.966667,0,-1,2.966667,3,1,0.08144416369752792,0.2821724422070101,0.48323542556810817,-2.633680704003735,-0.08495258542616681,925.0,0.2821724422070101
twizzlers,chesapeake,5.0,1.033333,twizzlers,593.0,ts3686,395,chesapeake|twizzlers,0,-3.966667,0,-1,3.966667,2,1,0.037702845048575115,0.23309098290903918,0.2991092625205926,-2.2834673311439304,-0.03843198313311542,593.0,0.23309098290903918
stringCheese,goldfish,0.7,3.3,goldfish,1028.0,ts3686,396,goldfish|stringCheese,1,2.5999999999999996,1,1,2.5999999999999996,12,1,0.8931594017762471,0.30243030905865165,0.5555711107635151,-2.5803105168552722,-0.11299021260595445,1028.0,0.30243030905865165
stringCheese,pringles,0.7,4.133333,pringles,817.0,ts3686,397,pringles|stringCheese,0,3.433333,1,1,3.433333,14,1,0.9428922623852972,0.25799551769973794,0.3921397602158007,-2.5389191671798863,-0.058803252732216246,817.0,0.25799551769973794
tostitos,chesapeake,4.266667,1.033333,tostitos,732.0,ts3686,398,chesapeake|tostitos,0,-3.233334,0,-1,3.233334,3,1,0.06656622623937679,0.2681033099337236,0.43046168510293825,-2.5983555419395863,-0.06888526253347771,732.0,0.2681033099337236
doritos,twizzlers,1.766667,5.0,twizzlers,613.0,ts3686,399,doritos|twizzlers,0,3.233333,1,1,3.233333,13,1,0.9334337230146478,0.2681033614630153,0.4304618801277597,-2.5983557742751335,-0.06888531689831669,613.0,0.2681033614630153
redVines,cheetos,1.766667,0.333333,redVines,1293.0,ts3686,400,cheetos|redVines,1,-1.4333339999999999,0,-1,1.4333339999999999,6,1,0.23674514270263208,0.36733218816740265,0.6786697247410689,-1.484928187203912,-0.2701632834209825,1293.0,0.36733218816740265
cheezIts,pretzelStx,1.133333,3.433333,pretzelStx,1294.0,ts3686,401,cheezIts|pretzelStx,1,2.3000000000000003,1,1,2.3000000000000003,12,1,0.8674291091288879,0.3195035731555546,0.6098260980071156,-2.433312181022148,-0.14222148908368262,1294.0,0.3195035731555546
stringCheese,doritos,0.7,1.766667,stringCheese,842.0,ts3686,402,doritos|stringCheese,1,1.066667,0,-1,1.066667,10,1,0.7049849000817039,0.3843465675448923,-1.5039682568309016,-0.9465460996631139,-1.2207287377885685,842.0,0.3843465675448923
twizzlers,stringCheese,5.0,0.7,twizzlers,1140.0,ts3686,403,stringCheese|twizzlers,0,-4.3,0,-1,4.3,1,1,0.028977732582826404,0.21908012438008073,0.24920850021230706,-2.081088225247773,-0.029405878495287772,1140.0,0.21908012438008073
kindBar2,famousAmos,1.666667,1.833333,kindBar2,943.0,ts3686,404,famousAmos|kindBar2,1,0.1666660000000002,0,-1,0.1666660000000002,8,1,0.5339767009456485,0.4077220422359513,-0.17799152167961513,-0.027649288114684638,-0.763519648135637,943.0,0.4077220422359513
kindBar1,twizzlers,3.666667,5.0,kindBar1,1058.0,ts3686,405,kindBar1|twizzlers,1,1.333333,0,-1,1.333333,10,1,0.7481814407700071,0.37227225422307414,-1.995150009932392,-1.3397751342531485,-1.3790464538529823,1058.0,0.37227225422307414
animalCookies,doritos,2.533333,1.766667,animalCookies,2142.0,ts3686,406,animalCookies|doritos,1,-0.7666659999999998,0,-1,0.7666659999999998,7,1,0.3483867019320527,0.39551329540620656,0.5341924784468781,-0.53373281733269,-0.428303994132311,2142.0,0.39551329540620656
stringCheese,pistachios,0.7,4.2,pistachios,2129.0,ts3686,407,pistachios|stringCheese,0,3.5,1,1,3.5,14,1,0.9457543228677118,0.25471675592440673,0.3797197399260176,-2.5138510985926406,-0.05577244464390485,2129.0,0.25471675592440673
haribo,goldfish,4.366667,3.3,goldfish,3874.0,ts3686,408,goldfish|haribo,1,-1.0666669999999998,1,1,1.0666669999999998,6,1,0.29501509991829616,0.3843465675448924,-1.5039682568309014,-0.9465460996631136,-1.2207287377885685,3874.0,0.3843465675448924
haribo,cheetos,4.366667,0.333333,haribo,1003.0,ts3686,409,cheetos|haribo,0,-4.033334,0,-1,4.033334,2,1,0.035776396570971265,0.23019348431299205,0.28859631337436364,-2.244722813921677,-0.036432057504154014,1003.0,0.23019348431299205
miniBagels,jellyBean,1.066667,2.666667,jellyBean,695.0,ts3686,410,jellyBean|miniBagels,1,1.5999999999999999,1,1,1.5999999999999999,11,1,0.7869645059249186,0.35870563240614844,0.6817135810402604,-1.7167500527540973,-0.23957213205838732,695.0,0.35870563240614844
twizzlers,haribo,5.0,4.366667,twizzlers,490.0,ts3686,411,haribo|twizzlers,1,-0.6333330000000004,0,-1,0.6333330000000004,7,1,0.373496720367395,0.3994842511999372,0.47309559680088703,-0.3754346635050052,-0.46760126981118433,490.0,0.3994842511999372
riceKrispies,fruitSnacks,0.966667,2.166667,fruitSnacks,1314.0,ts3686,412,fruitSnacks|riceKrispies,1,1.1999999999999997,1,1,1.1999999999999997,10,1,0.7271168014120426,0.37852800235340445,0.6549196766110976,-1.1428874410542493,-0.31866815216352534,1314.0,0.37852800235340445
twizzlers,beefJerky,5.0,2.5,twizzlers,955.0,ts3686,413,beefJerky|twizzlers,1,-2.5,0,-1,2.5,4,1,0.11488796372548557,0.3080896290196115,0.5744398186274279,-2.542217987912427,-0.1220410473261671,955.0,0.3080896290196115
miniBagels,chesapeake,1.066667,1.033333,chesapeake,787.0,ts3686,414,chesapeake|miniBagels,1,-0.033333999999999975,1,1,0.033333999999999975,8,1,0.4931944281815581,0.4083261425836568,-0.03378771386199186,-0.0011109496997314349,-0.7068518050356528,787.0,0.4083261425836568
cheetos,kindBar2,0.333333,1.666667,kindBar2,808.0,ts3686,415,cheetos|kindBar2,1,1.3333339999999998,1,1,1.3333339999999998,10,1,0.7481815946416466,0.37227220582636694,0.6715160833801496,-1.3397766007969603,-0.2901095568873089,808.0,0.37227220582636694
pringles,animalCookies,4.133333,2.533333,pringles,550.0,ts3686,416,animalCookies|pringles,1,-1.6000000000000005,0,-1,1.6000000000000005,5,1,0.2130354940750812,0.3587056324061484,0.6817135810402601,-1.716750052754098,-0.23957213205838704,550.0,0.3587056324061484
lays,pringles,2.033333,4.133333,pringles,415.0,ts3686,417,lays|pringles,1,2.1000000000000005,1,1,2.1000000000000005,11,1,0.8474934697630532,0.3309461616790982,0.6405274269951768,-2.2799398086466818,-0.1654721450515502,415.0,0.3309461616790982
russetChips,cheezIts,2.966667,1.133333,russetChips,779.0,ts3686,418,cheezIts|russetChips,1,-1.8333340000000002,0,-1,1.8333340000000002,5,1,0.18283022752248848,0.3460032623379171,0.6703777446894279,-2.0086463037900115,-0.2019084058594573,779.0,0.3460032623379171
russetChips,doritos,2.966667,1.766667,russetChips,686.0,ts3686,419,doritos|russetChips,1,-1.2000000000000002,0,-1,1.2000000000000002,6,1,0.27288319858795734,0.3785280023534044,0.6549196766110977,-1.1428874410542498,-0.3186681521635252,686.0,0.3785280023534044
riceKrispies,haribo,0.966667,4.366667,haribo,591.0,ts3686,420,haribo|riceKrispies,0,3.3999999999999995,1,1,3.3999999999999995,13,1,0.9414085956371204,0.2596521150806591,0.39842154966758103,-2.550526806500034,-0.06037801936087952,591.0,0.2596521150806591
pringles,tostitos,4.133333,4.266667,pringles,584.0,ts3686,421,pringles|tostitos,1,0.13333399999999962,0,-1,0.13333399999999962,8,1,0.5271966907526185,0.40794832154767185,-0.14058648712961888,-0.017725356986434605,-0.7490758136605524,584.0,0.40794832154767185
reeses,raisins,0.466667,4.566667,raisins,378.0,ts3686,422,raisins|reeses,0,4.1,1,1,4.1,15,1,0.966055064346726,0.22734393382767118,0.27834847235684723,-2.2049796012627567,-0.03453444396487287,378.0,0.22734393382767118
famousAmos,tostitos,1.833333,4.266667,tostitos,942.0,ts3686,423,famousAmos|tostitos,1,2.433334,1,1,2.433334,12,1,0.8794583110606398,0.31188345788998956,0.5866363802271384,-2.5108222566812475,-0.12844911665493292,942.0,0.31188345788998956
famousAmos,beefJerky,1.833333,2.5,famousAmos,1152.0,ts3686,424,beefJerky|famousAmos,1,0.6666669999999999,0,-1,0.6666669999999999,9,1,0.6328513501115908,0.39855385105784674,-0.8438022220496877,-0.41306800199840765,-1.0019884723664816,1152.0,0.39855385105784674
pringles,chesapeake,4.133333,1.033333,pringles,1090.0,ts3686,425,chesapeake|pringles,0,-3.1000000000000005,0,-1,3.1000000000000005,3,1,0.07366020379103332,0.275057933038043,0.45669326350440664,-2.622929496797016,-0.07651416109620493,1090.0,0.275057933038043
peanuts,jellyBean,3.833333,2.666667,peanuts,757.0,ts3686,426,jellyBean|peanuts,1,-1.1666660000000002,0,-1,1.1666660000000002,6,1,0.2783181918552857,0.38002617397732386,0.6494087432380776,-1.093554485883131,-0.32617094617087644,757.0,0.38002617397732386
twizzlers,kindBar2,5.0,1.666667,twizzlers,614.0,ts3686,427,kindBar2|twizzlers,0,-3.333333,0,-1,3.333333,3,1,0.061667799586643306,0.26299934654794865,0.411118622799089,-2.571772022569292,-0.06365123445193802,614.0,0.26299934654794865
goldfish,pistachios,3.3,4.2,goldfish,737.0,ts3686,428,goldfish|pistachios,1,0.9000000000000004,0,-1,0.9000000000000004,9,1,0.6759086362238258,0.3909080804973905,-1.216635545202887,-0.7097419315140714,-1.1267298159771582,737.0,0.3909080804973905
twizzlers,cheetos,5.0,0.333333,twizzlers,940.0,ts3686,429,cheetos|twizzlers,0,-4.666667,0,-1,4.666667,1,1,0.02164115604503699,0.20501091847991854,0.20198413751444927,-1.8443878263168287,-0.02187876013520504,940.0,0.20501091847991854
russetChips,redVines,2.966667,1.766667,russetChips,705.0,ts3686,430,redVines|russetChips,1,-1.2000000000000002,0,-1,1.2000000000000002,6,1,0.27288319858795734,0.3785280023534044,0.6549196766110977,-1.1428874410542498,-0.3186681521635252,705.0,0.3785280023534044
pringles,lindtChoc,4.133333,2.633333,pringles,1426.0,ts3686,431,lindtChoc|pringles,1,-1.5000000000000004,0,-1,1.5000000000000004,6,1,0.22704824886817712,0.3639356681757638,0.6811447466045316,-1.5794760739866438,-0.2575386500247683,1426.0,0.3639356681757638
jellyBean,lindtChoc,2.666667,2.633333,lindtChoc,2428.0,ts3686,432,jellyBean|lindtChoc,1,-0.033333999999999975,1,1,0.033333999999999975,8,1,0.4931944281815581,0.4083261425836568,-0.03378771386199186,-0.0011109496997314349,-0.7068518050356528,2428.0,0.4083261425836568
twizzlers,pistachios,5.0,4.2,twizzlers,1327.0,ts3686,433,pistachios|twizzlers,1,-0.7999999999999998,0,-1,0.7999999999999998,7,1,0.34223227863831834,0.39441930340420417,0.5475716458213092,-0.5762799260066372,-0.41890341702759143,1327.0,0.39441930340420417
raisins,chesapeake,4.566667,1.033333,raisins,1182.0,ts3686,434,chesapeake|raisins,0,-3.533334,0,-1,3.533334,2,1,0.05286583349794746,0.25309476347384796,0.3735852938732734,-2.500437269686477,-0.05431452053849718,1182.0,0.25309476347384796
animalCookies,cheetos,2.533333,0.333333,animalCookies,1932.0,ts3686,435,animalCookies|cheetos,1,-2.1999999999999997,0,-1,2.1999999999999997,4,1,0.142247635231794,0.32522942251655096,0.6258895950198936,-2.362176432933365,-0.15343984030397298,1932.0,0.32522942251655096
